checkoutToLoginRatio,cartToSearchRatio,highMemFraction,totalEstimatedCost,invocationEntropy,totalInvocations,hour_of_day,invocations_login,invocations_search,invocations_product,invocations_cart,invocations_checkout,avgDurationMs_login,avgDurationMs_search,avgDurationMs_product,avgDurationMs_cart,avgDurationMs_checkout,estimatedCost_login,estimatedCost_search,estimatedCost_product,estimatedCost_cart,estimatedCost_checkout,deltaTotalInvocations,deltaTotalEstimatedCost,anomaly,anomalyScore
0.0,0.3333,0.0769,0.0,1.7759,13.0,0.0,3.0,3.0,6.0,1.0,0.0,60.26,158.08,85.44,143.46,0.0,0.0,0.0,0.0,0.0,0.0,0.0,0.0,0,0.0
0.0,1.0,0.2,0.0,1.9219,15.0,0.0,3.0,3.0,6.0,3.0,0.0,66.25,134.44,97.61,153.51,0.0,0.0,0.0,0.0,0.0,0.0,2.0,0.0,0,0.0
0.0,0.5,0.1364,0.0,1.8779,22.0,1.0,4.0,6.0,9.0,3.0,0.0,57.64,115.84,119.15,107.96,0.0,0.0,0.0,0.0,0.0,0.0,7.0,0.0,0,0.0
0.0,0.75,0.1111,1e-08,1.6158,27.0,1.0,4.0,4.0,16.0,3.0,0.0,48.66,167.88,100.77,168.21,0.0,0.0,0.0,1e-08,0.0,0.0,5.0,1e-08,0,0.0
0.1667,0.5,0.1212,1e-08,1.8547,33.0,1.0,6.0,6.0,17.0,3.0,1.0,47.63,115.77,96.64,117.52,518.98,0.0,0.0,1e-08,0.0,0.0,6.0,0.0,0,0.0
0.2,0.8333,0.2,0.0,2.0124,30.0,1.0,5.0,6.0,13.0,5.0,1.0,57.18,134.29,89.92,186.53,563.0,0.0,0.0,0.0,0.0,0.0,-3.0,-1e-08,0,0.0
1.0,0.5,0.2857,0.0,2.2359,7.0,1.0,1.0,2.0,2.0,1.0,1.0,50.37,93.09,92.91,211.64,213.68,0.0,0.0,0.0,0.0,0.0,-23.0,0.0,0,0.0
0.25,0.1667,0.087,1e-08,1.8469,23.0,1.0,4.0,6.0,11.0,1.0,1.0,59.52,143.75,114.44,162.07,220.92,0.0,0.0,1e-08,0.0,0.0,16.0,1e-08,0,0.0
0.2,0.6667,0.1471,1e-08,1.8469,34.0,1.0,5.0,6.0,18.0,4.0,1.0,46.98,134.36,93.63,125.45,545.86,0.0,0.0,1e-08,0.0,0.0,11.0,0.0,0,0.0
0.25,0.6,0.1905,0.0,2.0892,21.0,1.0,4.0,5.0,8.0,3.0,1.0,52.84,92.47,115.12,163.96,568.37,0.0,0.0,0.0,0.0,0.0,-13.0,-1e-08,0,0.0
0.0,0.75,0.125,1e-08,1.7158,24.0,1.0,4.0,4.0,13.0,3.0,0.0,68.15,167.52,106.3,135.19,0.0,0.0,0.0,1e-08,0.0,0.0,3.0,1e-08,0,0.0
1.0,1.0,0.2857,0.0,2.1281,7.0,1.0,1.0,1.0,3.0,1.0,1.0,76.15,44.74,100.64,93.96,548.3,0.0,0.0,0.0,0.0,0.0,-17.0,-1e-08,0,0.0
0.0,0.1667,0.0769,0.0,1.7381,13.0,1.0,2.0,6.0,4.0,1.0,0.0,50.65,117.85,106.17,110.78,0.0,0.0,0.0,0.0,0.0,0.0,6.0,0.0,0,0.0
0.5,1.0,0.2609,1e-08,2.1527,23.0,1.0,4.0,4.0,9.0,4.0,2.0,47.91,117.14,105.21,135.75,413.62,0.0,0.0,0.0,0.0,1e-08,10.0,1e-08,0,0.0
0.0,0.2857,0.0556,1e-08,1.6215,36.0,2.0,7.0,7.0,20.0,2.0,0.0,53.67,105.88,103.02,115.44,0.0,0.0,0.0,1e-08,0.0,0.0,13.0,0.0,0,0.0
0.2222,0.6,0.1538,2e-08,1.9436,52.0,2.0,9.0,10.0,25.0,6.0,2.0,62.85,93.19,112.52,156.73,358.32,0.0,0.0,1e-08,0.0,1e-08,16.0,1e-08,0,0.0
1.0,1.0,0.2857,1e-08,2.1281,21.0,2.0,3.0,3.0,9.0,3.0,3.0,56.42,126.29,94.7,145.43,306.43,0.0,0.0,0.0,0.0,1e-08,-31.0,-1e-08,0,0.0
0.0,0.4,0.0833,2e-08,1.6802,48.0,2.0,8.0,10.0,26.0,4.0,0.0,58.43,121.02,110.02,135.81,0.0,0.0,1e-08,1e-08,0.0,0.0,27.0,1e-08,0,0.0
0.1111,0.4545,0.1111,2e-08,1.8142,54.0,2.0,9.0,11.0,28.0,5.0,1.0,47.67,130.57,112.75,152.22,395.3,0.0,1e-08,1e-08,0.0,0.0,6.0,0.0,0,0.0
0.4,0.4167,0.1552,3e-08,1.9919,58.0,2.0,10.0,12.0,27.0,5.0,4.0,46.83,120.79,108.2,123.77,348.59,0.0,1e-08,1e-08,0.0,1e-08,4.0,9.999999999999997e-09,0,0.0
0.1429,0.5714,0.122,1e-08,1.811,41.0,2.0,7.0,7.0,22.0,4.0,1.0,68.34,126.85,103.16,145.82,580.1,0.0,0.0,1e-08,0.0,0.0,-17.0,-1.9999999999999997e-08,0,0.0
0.0,0.3333,0.0741,1e-08,1.6396,27.0,2.0,4.0,6.0,15.0,2.0,0.0,45.74,122.48,107.25,123.8,0.0,0.0,0.0,1e-08,0.0,0.0,-14.0,0.0,0,0.0
0.2222,0.4167,0.1321,3e-08,1.9307,53.0,2.0,9.0,12.0,25.0,5.0,2.0,50.26,127.45,103.51,126.99,392.41,0.0,1e-08,1e-08,0.0,1e-08,26.0,1.9999999999999997e-08,0,0.0
0.2,0.6,0.1333,2e-08,1.8411,60.0,2.0,10.0,10.0,32.0,6.0,2.0,52.46,117.36,103.76,149.43,446.01,0.0,0.0,1e-08,0.0,1e-08,7.0,-9.999999999999997e-09,0,0.0
0.25,0.2857,0.1364,0.0,2.0207,22.0,2.0,4.0,7.0,8.0,2.0,1.0,40.64,117.64,74.06,114.83,459.23,0.0,0.0,0.0,0.0,0.0,-38.0,-2e-08,0,0.0
0.1429,0.4667,0.1216,3e-08,1.8895,74.0,2.0,14.0,15.0,36.0,7.0,2.0,56.57,128.19,100.79,141.98,236.21,0.0,1e-08,2e-08,0.0,0.0,52.0,3e-08,0,0.0
0.0,0.6,0.1319,4e-08,1.8465,91.0,3.0,18.0,20.0,41.0,12.0,0.0,58.74,130.17,98.44,132.49,0.0,0.0,1e-08,2e-08,1e-08,0.0,17.0,1.0000000000000004e-08,0,0.0
0.0833,0.6667,0.1324,3e-08,1.8292,68.0,3.0,12.0,12.0,35.0,8.0,1.0,60.37,127.45,96.76,153.67,495.98,0.0,1e-08,1e-08,1e-08,0.0,-23.0,-1.0000000000000004e-08,0,0.0
0.1429,0.5,0.119,1e-08,1.8266,42.0,3.0,7.0,8.0,22.0,4.0,1.0,54.99,129.14,96.48,121.37,508.51,0.0,0.0,1e-08,0.0,0.0,-26.0,-1.9999999999999997e-08,0,0.0
0.0667,0.5,0.1059,4e-08,1.7772,85.0,3.0,15.0,16.0,45.0,8.0,1.0,46.92,107.65,95.52,163.27,238.29,0.0,1e-08,2e-08,1e-08,0.0,43.0,3.0000000000000004e-08,0,0.0
0.2857,0.5,0.1364,2e-08,1.8755,44.0,3.0,7.0,8.0,23.0,4.0,2.0,56.04,120.54,89.12,133.9,445.6,0.0,0.0,1e-08,0.0,1e-08,-41.0,-2e-08,0,0.0
0.0,0.5,0.1163,2e-08,1.8154,43.0,3.0,8.0,10.0,20.0,5.0,0.0,40.46,120.59,112.08,149.37,0.0,0.0,1e-08,1e-08,0.0,0.0,-1.0,0.0,0,0.0
0.0,0.5,0.0984,2e-08,1.7245,61.0,3.0,11.0,12.0,32.0,6.0,0.0,46.02,103.48,105.45,141.5,0.0,0.0,1e-08,1e-08,0.0,0.0,18.0,0.0,0,0.0
0.1818,0.5625,0.141,5e-08,1.8564,78.0,3.0,11.0,16.0,40.0,9.0,2.0,47.98,123.12,99.21,161.08,561.29,0.0,1e-08,2e-08,1e-08,1e-08,17.0,3e-08,0,0.0
0.0,0.5,0.1148,3e-08,1.8014,61.0,3.0,11.0,14.0,29.0,7.0,0.0,56.64,119.64,106.22,174.34,0.0,0.0,1e-08,1e-08,1e-08,0.0,-17.0,-2e-08,0,0.0
0.1176,0.5,0.125,5e-08,1.8963,88.0,3.0,17.0,18.0,42.0,9.0,2.0,52.42,121.62,101.81,144.82,421.12,0.0,1e-08,2e-08,1e-08,1e-08,27.0,2e-08,0,0.0
0.0,0.5,0.0862,1e-08,1.6109,58.0,3.0,9.0,10.0,34.0,5.0,0.0,55.45,105.25,100.61,138.97,0.0,0.0,0.0,1e-08,0.0,0.0,-30.0,-4e-08,0,0.0
0.1429,0.3333,0.1096,3e-08,1.9112,73.0,3.0,14.0,18.0,33.0,6.0,2.0,54.14,123.47,103.11,137.93,454.59,0.0,1e-08,1e-08,0.0,1e-08,15.0,1.9999999999999997e-08,0,0.0
0.1667,0.7143,0.1622,5e-08,1.9168,74.0,4.0,12.0,14.0,36.0,10.0,2.0,54.27,113.35,103.99,137.59,351.04,0.0,1e-08,2e-08,1e-08,1e-08,1.0,2e-08,0,0.0
0.0714,0.5,0.1139,4e-08,1.8205,79.0,4.0,14.0,16.0,40.0,8.0,1.0,57.41,103.68,107.97,153.53,568.51,0.0,1e-08,2e-08,1e-08,0.0,5.0,-9.999999999999997e-09,0,0.0
0.3684,0.6842,0.1739,6e-08,1.9615,115.0,4.0,19.0,19.0,57.0,13.0,7.0,52.39,131.87,105.01,144.07,424.82,0.0,1e-08,2e-08,1e-08,2e-08,36.0,1.9999999999999994e-08,0,0.0
0.0,0.55,0.125,4e-08,1.8494,88.0,4.0,18.0,20.0,39.0,11.0,0.0,51.17,127.43,96.79,154.59,0.0,0.0,1e-08,2e-08,1e-08,0.0,-27.0,-1.9999999999999994e-08,0,0.0
0.125,0.4,0.1064,5e-08,1.8257,94.0,4.0,16.0,20.0,48.0,8.0,2.0,52.5,127.41,96.89,177.25,479.53,0.0,1e-08,2e-08,1e-08,1e-08,6.0,9.999999999999997e-09,0,0.0
0.0625,0.3636,0.0918,4e-08,1.7637,98.0,4.0,16.0,22.0,51.0,8.0,1.0,48.79,110.61,99.96,154.67,360.94,0.0,1e-08,2e-08,1e-08,0.0,4.0,-9.999999999999997e-09,0,0.0
0.1667,0.45,0.1121,5e-08,1.8138,107.0,4.0,18.0,20.0,57.0,9.0,3.0,55.17,113.95,94.68,176.74,419.82,0.0,1e-08,2e-08,1e-08,1e-08,9.0,9.999999999999997e-09,0,0.0
0.1667,0.6429,0.1719,4e-08,2.012,64.0,4.0,12.0,14.0,27.0,9.0,2.0,56.46,122.96,99.86,149.9,381.82,0.0,1e-08,1e-08,1e-08,1e-08,-43.0,-9.999999999999997e-09,0,0.0
0.2667,0.5882,0.1591,5e-08,1.9619,88.0,4.0,15.0,17.0,42.0,10.0,4.0,47.81,100.22,97.75,146.62,353.05,0.0,1e-08,2e-08,1e-08,1e-08,24.0,9.999999999999997e-09,0,0.0
0.0526,0.6316,0.1171,5e-08,1.7597,111.0,4.0,19.0,19.0,60.0,12.0,1.0,56.0,107.85,103.63,153.7,461.56,0.0,1e-08,3e-08,1e-08,0.0,23.0,0.0,0,0.0
0.1176,0.6316,0.1474,5e-08,1.9135,95.0,4.0,17.0,19.0,45.0,12.0,2.0,52.85,119.42,98.03,144.58,305.11,0.0,1e-08,2e-08,1e-08,1e-08,-16.0,0.0,0,0.0
0.2667,0.4444,0.1364,6e-08,1.9254,88.0,4.0,15.0,18.0,43.0,8.0,4.0,56.74,117.23,95.74,174.53,473.37,0.0,1e-08,2e-08,1e-08,2e-08,-7.0,9.999999999999997e-09,0,0.0
0.0889,0.3898,0.1038,1.2e-07,1.8274,260.0,5.0,45.0,59.0,129.0,23.0,4.0,51.21,118.49,100.29,163.64,466.35,0.0,3e-08,5e-08,2e-08,2e-08,172.0,6e-08,0,0.0
0.1875,0.6429,0.1545,1.9e-07,1.9316,369.0,5.0,64.0,70.0,178.0,45.0,12.0,53.51,116.16,103.93,157.15,375.71,1e-08,3e-08,8e-08,3e-08,4e-08,109.0,7.000000000000002e-08,0,0.0
0.0714,0.4375,0.1026,9e-08,1.8004,234.0,5.0,42.0,48.0,120.0,21.0,3.0,56.2,117.3,103.24,150.17,421.65,0.0,2e-08,5e-08,1e-08,1e-08,-135.0,-1.0000000000000001e-07,0,0.0
0.0727,0.3824,0.1017,1.4e-07,1.8405,295.0,5.0,55.0,68.0,142.0,26.0,4.0,52.85,128.18,100.06,152.11,357.23,1e-08,4e-08,6e-08,2e-08,1e-08,61.0,5.000000000000001e-08,0,0.0
0.1471,0.5789,0.1357,1.9e-07,1.8753,398.0,5.0,68.0,76.0,200.0,44.0,10.0,49.9,120.07,98.91,148.7,392.93,1e-08,4e-08,8e-08,3e-08,3e-08,103.0,5e-08,0,0.0
0.0952,0.5352,0.1205,1.6e-07,1.8285,365.0,5.0,63.0,71.0,187.0,38.0,6.0,52.46,110.62,100.7,149.65,382.81,1e-08,3e-08,8e-08,2e-08,2e-08,-33.0,-3.0000000000000004e-08,0,0.0
0.1613,0.4744,0.1274,1.8e-07,1.883,369.0,5.0,62.0,78.0,182.0,37.0,10.0,52.58,117.17,103.32,143.93,353.65,1e-08,4e-08,8e-08,2e-08,3e-08,4.0,1.9999999999999994e-08,0,0.0
0.2063,0.6081,0.151,2e-07,1.9168,384.0,5.0,63.0,74.0,189.0,45.0,13.0,50.25,123.33,100.56,154.53,394.75,1e-08,4e-08,8e-08,3e-08,4e-08,15.0,1.9999999999999994e-08,0,0.0
0.1299,0.5222,0.1242,2.2e-07,1.8444,459.0,5.0,77.0,90.0,235.0,47.0,10.0,50.13,120.38,103.3,163.93,362.33,1e-08,5e-08,1e-07,3e-08,3e-08,75.0,2.000000000000002e-08,0,0.0
0.0256,0.4458,0.0944,1.7e-07,1.7611,413.0,5.0,78.0,83.0,213.0,37.0,2.0,53.01,128.59,102.53,150.26,346.31,1e-08,4e-08,9e-08,2e-08,1e-08,-46.0,-5.0000000000000024e-08,0,0.0
0.1566,0.5208,0.1296,2.4e-07,1.874,486.0,5.0,83.0,96.0,244.0,50.0,13.0,55.98,122.64,98.53,153.1,464.73,1e-08,5e-08,1e-07,3e-08,5e-08,73.0,6.999999999999999e-08,0,0.0
0.1596,0.5327,0.1346,2.7e-07,1.8983,535.0,5.0,94.0,107.0,262.0,57.0,15.0,48.91,123.22,99.36,154.5,422.43,1e-08,6e-08,1.1e-07,4e-08,5e-08,49.0,3.000000000000003e-08,0,0.0
0.1236,0.5429,0.1278,2.4e-07,1.8511,532.0,6.0,89.0,105.0,270.0,57.0,11.0,50.2,120.45,101.89,158.89,350.98,1e-08,5e-08,1.1e-07,4e-08,3e-08,-3.0,-3.000000000000003e-08,0,0.0
0.1047,0.4639,0.1149,2.2e-07,1.8534,470.0,6.0,86.0,97.0,233.0,45.0,9.0,52.21,121.46,101.4,144.78,423.14,1e-08,5e-08,1e-07,3e-08,3e-08,-62.0,-1.9999999999999967e-08,0,0.0
0.1,0.4386,0.1083,2.5e-07,1.8304,554.0,6.0,100.0,114.0,280.0,50.0,10.0,55.19,122.87,102.3,158.51,378.76,1e-08,6e-08,1.2e-07,3e-08,3e-08,84.0,2.999999999999998e-08,0,0.0
0.1889,0.5556,0.1429,2.7e-07,1.9101,539.0,6.0,90.0,108.0,264.0,60.0,17.0,52.44,117.21,100.27,160.01,404.73,1e-08,5e-08,1.1e-07,4e-08,6e-08,-15.0,2.000000000000002e-08,0,0.0
0.1089,0.4915,0.1208,2.6e-07,1.8589,571.0,6.0,101.0,118.0,283.0,58.0,11.0,49.54,116.35,101.89,153.4,349.05,1e-08,6e-08,1.2e-07,4e-08,3e-08,32.0,-1.000000000000001e-08,0,0.0
0.1319,0.4444,0.1176,2.4e-07,1.8695,510.0,6.0,91.0,108.0,251.0,48.0,12.0,50.35,116.74,101.59,156.57,431.42,1e-08,5e-08,1.1e-07,3e-08,4e-08,-61.0,-2.000000000000002e-08,0,0.0
0.1855,0.5725,0.1413,3.6e-07,1.9023,722.0,6.0,124.0,138.0,358.0,79.0,23.0,51.09,119.29,101.91,147.04,394.83,1e-08,7e-08,1.5e-07,5e-08,8e-08,212.0,1.2000000000000002e-07,0,0.0
0.1188,0.5263,0.122,2.8e-07,1.8375,590.0,6.0,101.0,114.0,303.0,60.0,12.0,52.86,124.65,100.72,149.93,380.34,1e-08,6e-08,1.3e-07,4e-08,4e-08,-132.0,-7.999999999999998e-08,0,0.0
0.0642,0.4173,0.0979,2.6e-07,1.7846,613.0,6.0,109.0,127.0,317.0,53.0,7.0,52.76,122.34,103.53,147.38,343.96,1e-08,6e-08,1.4e-07,3e-08,2e-08,23.0,-2.000000000000002e-08,0,0.0
0.1626,0.5524,0.1383,3.6e-07,1.8999,716.0,6.0,123.0,143.0,351.0,79.0,20.0,53.79,121.73,101.24,150.9,449.16,1e-08,7e-08,1.5e-07,5e-08,8e-08,103.0,1e-07,0,0.0
0.1545,0.5035,0.1278,3.5e-07,1.8772,712.0,6.0,123.0,143.0,355.0,72.0,19.0,51.81,116.74,102.23,152.48,415.19,1e-08,7e-08,1.5e-07,5e-08,7e-08,-4.0,-1.000000000000001e-08,0,0.0
0.1216,0.5238,0.125,4.1e-07,1.8584,848.0,6.0,148.0,168.0,426.0,88.0,18.0,52.12,132.59,101.48,158.42,430.1,2e-08,9e-08,1.8e-07,6e-08,6e-08,136.0,6.000000000000001e-08,0,0.0
0.1157,0.5397,0.1265,7.1e-07,1.8579,1534.0,7.0,268.0,302.0,770.0,163.0,31.0,51.2,126.81,101.05,157.06,349.52,3e-08,1.6e-07,3.2e-07,1.1e-07,9e-08,686.0,3e-07,0,0.0
0.1045,0.5185,0.1206,7.6e-07,1.8405,1642.0,7.0,287.0,324.0,833.0,168.0,30.0,52.74,122.7,100.81,149.76,416.0,3e-08,1.7e-07,3.5e-07,1.1e-07,1e-07,108.0,5.000000000000005e-08,0,0.0
0.0966,0.4853,0.117,7.6e-07,1.8419,1650.0,7.0,290.0,340.0,827.0,165.0,28.0,49.97,120.73,102.02,155.79,418.63,3e-08,1.7e-07,3.5e-07,1.1e-07,1e-07,8.0,0.0,0,0.0
0.1166,0.483,0.1159,7.4e-07,1.833,1631.0,7.0,283.0,323.0,836.0,156.0,33.0,51.72,119.49,100.71,145.47,397.46,3e-08,1.6e-07,3.5e-07,9e-08,1.1e-07,-19.0,-2.000000000000002e-08,0,0.0
0.1158,0.4548,0.1195,7.4e-07,1.8704,1623.0,7.0,285.0,354.0,790.0,161.0,33.0,52.47,116.55,101.27,151.89,382.51,3e-08,1.7e-07,3.3e-07,1e-07,1.1e-07,-8.0,0.0,0,0.0
0.1093,0.4833,0.1213,7.8e-07,1.8654,1707.0,7.0,302.0,360.0,838.0,174.0,33.0,52.22,120.85,101.61,152.69,374.52,3e-08,1.8e-07,3.6e-07,1.1e-07,1e-07,84.0,4.000000000000004e-08,0,0.0
0.1139,0.5232,0.1281,8.1e-07,1.8778,1780.0,7.0,316.0,367.0,869.0,192.0,36.0,50.9,122.81,100.06,151.49,372.46,3e-08,1.9e-07,3.6e-07,1.2e-07,1.1e-07,73.0,2.9999999999999925e-08,0,0.0
0.1086,0.5,0.1208,8.4e-07,1.8494,1804.0,7.0,313.0,368.0,905.0,184.0,34.0,51.51,122.18,101.06,152.79,407.09,3e-08,1.9e-07,3.8e-07,1.2e-07,1.2e-07,24.0,3.000000000000003e-08,0,0.0
0.1282,0.5514,0.1336,8.8e-07,1.8788,1827.0,7.0,312.0,370.0,901.0,204.0,40.0,53.12,121.51,101.2,152.3,442.53,3e-08,1.9e-07,3.8e-07,1.3e-07,1.5e-07,23.0,4.000000000000004e-08,0,0.0
0.1139,0.5315,0.1238,8.6e-07,1.8421,1858.0,7.0,316.0,365.0,947.0,194.0,36.0,50.1,118.74,102.51,154.11,404.38,3e-08,1.8e-07,4.1e-07,1.2e-07,1.2e-07,31.0,-2.000000000000002e-08,0,0.0
0.1114,0.4332,0.1105,9e-07,1.839,1928.0,7.0,341.0,404.0,970.0,175.0,38.0,51.16,119.46,102.5,148.52,396.51,4e-08,2e-07,4.2e-07,1.1e-07,1.3e-07,70.0,3.9999999999999935e-08,0,0.0
0.1019,0.4833,0.1153,9.5e-07,1.8321,2082.0,7.0,363.0,420.0,1059.0,203.0,37.0,51.63,121.72,102.64,149.83,381.48,4e-08,2.1e-07,4.5e-07,1.3e-07,1.2e-07,154.0,5.000000000000005e-08,0,0.0
0.089,0.4552,0.1127,8.9e-07,1.8352,1934.0,8.0,337.0,413.0,966.0,188.0,30.0,52.44,123.18,103.31,152.68,391.07,4e-08,2.1e-07,4.2e-07,1.2e-07,1e-07,-148.0,-6.000000000000006e-08,0,0.0
0.1141,0.4809,0.1205,9.9e-07,1.8629,2132.0,8.0,377.0,445.0,1053.0,214.0,43.0,52.17,119.39,101.53,150.74,418.94,4e-08,2.2e-07,4.5e-07,1.3e-07,1.5e-07,198.0,1.000000000000001e-07,0,0.0
0.1058,0.4916,0.1188,9.4e-07,1.8458,2054.0,8.0,359.0,419.0,1032.0,206.0,38.0,51.5,120.83,100.73,153.12,394.36,4e-08,2.1e-07,4.3e-07,1.3e-07,1.3e-07,-78.0,-5.000000000000005e-08,0,0.0
0.1024,0.4944,0.1223,9.7e-07,1.8642,2101.0,8.0,371.0,443.0,1030.0,219.0,38.0,52.16,121.88,101.8,151.94,382.28,4e-08,2.3e-07,4.4e-07,1.4e-07,1.2e-07,47.0,3.000000000000003e-08,0,0.0
0.0907,0.5022,0.1195,1e-06,1.8377,2193.0,8.0,375.0,454.0,1102.0,228.0,34.0,51.77,120.46,101.32,156.91,401.87,4e-08,2.3e-07,4.7e-07,1.5e-07,1.1e-07,92.0,2.9999999999999925e-08,0,0.0
0.1085,0.4749,0.1169,1.04e-06,1.8438,2225.0,8.0,387.0,459.0,1119.0,218.0,42.0,51.27,121.12,101.78,155.94,415.76,4e-08,2.3e-07,4.8e-07,1.4e-07,1.5e-07,32.0,4.000000000000004e-08,0,0.0
0.1097,0.4827,0.1198,1.03e-06,1.8578,2221.0,8.0,392.0,462.0,1101.0,223.0,43.0,51.62,119.45,102.33,149.49,421.54,4e-08,2.3e-07,4.7e-07,1.4e-07,1.5e-07,-4.0,-9.999999999999904e-09,0,0.0
0.1396,0.4936,0.1239,1.09e-06,1.8615,2309.0,8.0,394.0,468.0,1161.0,231.0,55.0,51.35,123.63,101.22,150.34,397.14,4e-08,2.4e-07,4.9e-07,1.4e-07,1.8e-07,88.0,5.999999999999985e-08,0,0.0
0.1108,0.5096,0.1217,1.1e-06,1.8532,2350.0,8.0,415.0,471.0,1178.0,240.0,46.0,52.06,122.71,100.55,150.59,435.45,5e-08,2.4e-07,4.9e-07,1.5e-07,1.7e-07,41.0,1.0000000000000116e-08,0,0.0
0.0998,0.4837,0.1187,1.08e-06,1.8497,2351.0,8.0,411.0,492.0,1169.0,238.0,41.0,51.99,122.26,101.48,150.54,399.01,4e-08,2.5e-07,5e-07,1.5e-07,1.4e-07,1.0,-2.000000000000002e-08,0,0.0
0.1262,0.5135,0.127,1.11e-06,1.8737,2354.0,8.0,412.0,481.0,1162.0,247.0,52.0,52.22,121.92,101.02,154.84,420.79,4e-08,2.4e-07,4.9e-07,1.6e-07,1.8e-07,3.0,2.9999999999999925e-08,0,0.0
0.133,0.5021,0.1252,1.13e-06,1.8649,2372.0,8.0,406.0,484.0,1185.0,243.0,54.0,52.27,122.39,102.97,147.95,407.37,4e-08,2.5e-07,5.1e-07,1.5e-07,1.8e-07,18.0,2.000000000000002e-08,0,0.0
0.1167,0.4971,0.1222,1.19e-06,1.8604,2488.0,9.0,437.0,509.0,1238.0,253.0,51.0,53.18,120.07,102.0,148.68,435.02,5e-08,2.6e-07,5.3e-07,1.6e-07,1.9e-07,116.0,6.000000000000006e-08,0,0.0
0.125,0.5131,0.1257,1.24e-06,1.864,2642.0,9.0,456.0,536.0,1318.0,275.0,57.0,50.49,120.97,101.05,152.89,373.34,5e-08,2.7e-07,5.6e-07,1.8e-07,1.8e-07,154.0,4.9999999999999945e-08,0,0.0
0.1283,0.499,0.12,1.24e-06,1.8456,2592.0,9.0,452.0,507.0,1322.0,253.0,58.0,52.27,126.89,101.52,148.76,403.75,5e-08,2.7e-07,5.6e-07,1.6e-07,2e-07,-50.0,0.0,0,0.0
0.1509,0.4721,0.1233,1.24e-06,1.8691,2603.0,9.0,444.0,538.0,1300.0,254.0,67.0,51.4,117.61,101.82,158.08,383.68,5e-08,2.6e-07,5.5e-07,1.7e-07,2.1e-07,11.0,0.0,0,0.0
0.1242,0.4885,0.1208,1.31e-06,1.8539,2790.0,9.0,483.0,567.0,1403.0,277.0,60.0,51.93,119.87,102.18,153.42,397.78,5e-08,2.8e-07,6e-07,1.8e-07,2e-07,187.0,6.999999999999997e-08,0,0.0
0.0987,0.513,0.1185,1.24e-06,1.8272,2726.0,9.0,466.0,540.0,1397.0,277.0,46.0,51.1,123.24,100.52,152.92,376.72,5e-08,2.8e-07,5.9e-07,1.8e-07,1.4e-07,-64.0,-6.999999999999997e-08,0,0.0
0.1202,0.5163,0.126,1.34e-06,1.8668,2864.0,9.0,499.0,583.0,1421.0,301.0,60.0,51.94,123.4,101.18,150.25,398.69,5e-08,3e-07,6e-07,1.9e-07,2e-07,138.0,1.000000000000001e-07,0,0.0
0.1053,0.4983,0.1183,1.34e-06,1.8409,2924.0,9.0,513.0,586.0,1479.0,292.0,54.0,51.21,121.9,101.71,150.44,394.46,5e-08,3e-07,6.3e-07,1.8e-07,1.8e-07,60.0,0.0,0,0.0
0.1214,0.4921,0.1196,1.3e-06,1.8429,2843.0,9.0,486.0,571.0,1446.0,281.0,59.0,51.65,120.97,100.36,148.91,366.48,5e-08,2.9e-07,6.1e-07,1.7e-07,1.8e-07,-81.0,-4.000000000000004e-08,0,0.0
0.1182,0.4966,0.1185,1.38e-06,1.8394,2970.0,9.0,516.0,586.0,1516.0,291.0,61.0,50.43,118.59,101.96,153.55,400.63,5e-08,2.9e-07,6.5e-07,1.9e-07,2e-07,127.0,7.999999999999987e-08,0,0.0
0.1032,0.4704,0.1175,1.32e-06,1.8476,2867.0,9.0,494.0,608.0,1428.0,286.0,51.0,52.21,124.12,101.29,149.44,398.99,5e-08,3.2e-07,6e-07,1.8e-07,1.7e-07,-103.0,-5.999999999999985e-08,0,0.0
0.1028,0.5064,0.1202,1.41e-06,1.8432,3079.0,9.0,535.0,622.0,1552.0,315.0,55.0,50.96,121.76,100.79,149.99,395.9,6e-08,3.2e-07,6.5e-07,2e-07,1.8e-07,212.0,8.999999999999999e-08,0,0.0
0.1245,0.4755,0.119,1.4e-06,1.8506,2984.0,10.0,514.0,612.0,1503.0,291.0,64.0,51.5,120.29,100.96,149.42,419.6,6e-08,3.1e-07,6.3e-07,1.8e-07,2.2e-07,-95.0,-1.0000000000000116e-08,0,0.0
0.1342,0.4992,0.1255,1.47e-06,1.8696,3068.0,10.0,529.0,629.0,1525.0,314.0,71.0,51.38,121.44,102.18,151.58,401.02,6e-08,3.2e-07,6.5e-07,2e-07,2.4e-07,84.0,6.999999999999997e-08,0,0.0
0.1071,0.4854,0.1172,1.48e-06,1.8409,3208.0,10.0,560.0,651.0,1621.0,316.0,60.0,49.87,122.07,102.48,151.59,390.86,6e-08,3.3e-07,6.9e-07,2e-07,2e-07,140.0,1.0000000000000116e-08,0,0.0
0.1404,0.525,0.1325,1.5e-06,1.8886,3102.0,10.0,534.0,640.0,1517.0,336.0,75.0,52.01,121.67,101.94,150.92,399.16,6e-08,3.3e-07,6.5e-07,2.1e-07,2.5e-07,-106.0,2.000000000000002e-08,0,0.0
0.1146,0.486,0.1213,1.43e-06,1.8619,3083.0,10.0,541.0,642.0,1526.0,312.0,62.0,52.37,121.17,102.09,151.89,387.96,6e-08,3.2e-07,6.5e-07,2e-07,2e-07,-19.0,-6.999999999999997e-08,0,0.0
0.1511,0.5181,0.1295,1.54e-06,1.8732,3166.0,10.0,536.0,635.0,1585.0,329.0,81.0,50.4,124.81,102.51,151.67,388.68,6e-08,3.3e-07,6.8e-07,2.1e-07,2.6e-07,83.0,1.1e-07,0,0.0
0.1325,0.4901,0.1205,1.53e-06,1.8438,3270.0,10.0,551.0,655.0,1670.0,321.0,73.0,51.45,118.71,99.98,152.18,406.89,6e-08,3.2e-07,7e-07,2e-07,2.5e-07,104.0,-1.0000000000000116e-08,0,0.0
0.1111,0.4775,0.1157,1.54e-06,1.8403,3311.0,10.0,585.0,666.0,1677.0,318.0,65.0,52.64,120.75,102.47,154.45,384.39,6e-08,3.4e-07,7.2e-07,2.1e-07,2.1e-07,41.0,1.0000000000000116e-08,0,0.0
0.1323,0.4697,0.1204,1.6e-06,1.8632,3423.0,10.0,597.0,709.0,1705.0,333.0,79.0,51.57,122.9,101.31,153.27,379.54,6e-08,3.6e-07,7.2e-07,2.1e-07,2.5e-07,112.0,5.999999999999985e-08,0,0.0
0.1312,0.5071,0.1263,1.63e-06,1.8715,3467.0,10.0,602.0,708.0,1719.0,359.0,79.0,51.36,118.05,101.95,148.17,414.61,6e-08,3.5e-07,7.3e-07,2.2e-07,2.7e-07,44.0,3.0000000000000136e-08,0,0.0
0.0986,0.4809,0.1187,1.52e-06,1.8519,3354.0,10.0,588.0,707.0,1661.0,340.0,58.0,51.15,119.83,100.39,152.24,396.52,6e-08,3.5e-07,7e-07,2.2e-07,1.9e-07,-113.0,-1.1e-07,0,0.0
0.126,0.4942,0.1234,1.61e-06,1.87,3396.0,10.0,603.0,694.0,1680.0,343.0,76.0,52.27,120.33,101.05,150.0,419.23,7e-08,3.5e-07,7.1e-07,2.1e-07,2.7e-07,42.0,8.999999999999999e-08,0,0.0
0.1241,0.5005,0.1231,2.14e-06,1.8611,4567.0,11.0,798.0,925.0,2282.0,463.0,99.0,52.73,119.44,101.44,151.51,400.4,9e-08,4.6e-07,9.7e-07,2.9e-07,3.3e-07,1171.0,5.299999999999998e-07,0,0.0
0.1131,0.4723,0.1177,2.12e-06,1.8515,4537.0,11.0,796.0,940.0,2267.0,444.0,90.0,50.14,121.57,101.54,155.94,408.99,8e-08,4.8e-07,9.6e-07,2.9e-07,3.1e-07,-30.0,-1.999999999999981e-08,0,0.0
0.1354,0.5042,0.1276,2.2e-06,1.8717,4633.0,11.0,783.0,962.0,2297.0,485.0,106.0,50.38,121.34,101.61,151.74,396.49,8e-08,4.9e-07,9.7e-07,3.1e-07,3.5e-07,96.0,8.000000000000008e-08,0,0.0
0.134,0.4767,0.1211,2.22e-06,1.8592,4690.0,11.0,806.0,965.0,2351.0,460.0,108.0,50.93,123.61,101.36,155.7,382.15,9e-08,5e-07,9.9e-07,3e-07,3.4e-07,57.0,1.999999999999981e-08,0,0.0
0.1319,0.5326,0.1308,2.22e-06,1.8782,4695.0,11.0,811.0,952.0,2318.0,507.0,107.0,51.09,118.52,101.73,150.88,402.48,9e-08,4.7e-07,9.8e-07,3.2e-07,3.6e-07,5.0,0.0,0,0.0
0.141,0.488,0.1217,2.29e-06,1.857,4792.0,11.0,830.0,955.0,2424.0,466.0,117.0,50.72,122.4,101.85,149.47,396.78,9e-08,4.9e-07,1.03e-06,2.9e-07,3.9e-07,97.0,7.000000000000018e-08,0,0.0
0.1114,0.5193,0.1257,2.22e-06,1.8657,4806.0,11.0,844.0,982.0,2376.0,510.0,94.0,51.91,118.66,101.52,149.58,392.68,9e-08,4.9e-07,1.01e-06,3.2e-07,3.1e-07,14.0,-7.000000000000018e-08,0,0.0
0.1128,0.5061,0.1228,2.27e-06,1.8561,4845.0,11.0,842.0,988.0,2420.0,500.0,95.0,52.38,123.82,102.05,151.4,407.53,9e-08,5.1e-07,1.03e-06,3.2e-07,3.2e-07,39.0,4.9999999999999945e-08,0,0.0
0.1077,0.4894,0.1178,2.26e-06,1.8393,4882.0,11.0,845.0,989.0,2473.0,484.0,91.0,50.5,120.29,101.35,151.95,411.97,9e-08,5e-07,1.05e-06,3.1e-07,3.1e-07,37.0,-9.999999999999904e-09,0,0.0
0.1038,0.5015,0.119,2.29e-06,1.8368,4941.0,11.0,848.0,997.0,2508.0,500.0,88.0,51.17,119.19,102.22,151.53,423.1,9e-08,5e-07,1.07e-06,3.2e-07,3.1e-07,59.0,3.0000000000000136e-08,0,0.0
0.1324,0.4873,0.1251,2.34e-06,1.8747,4893.0,11.0,846.0,1026.0,2409.0,500.0,112.0,51.43,119.55,101.51,152.95,425.9,9e-08,5.1e-07,1.02e-06,3.2e-07,4e-07,-48.0,4.9999999999999945e-08,0,0.0
0.1082,0.505,0.1209,2.29e-06,1.8481,4994.0,11.0,869.0,1010.0,2511.0,510.0,94.0,51.22,121.1,101.38,152.93,382.09,9e-08,5.1e-07,1.06e-06,3.3e-07,3e-07,101.0,-4.9999999999999945e-08,0,0.0
0.1114,0.4816,0.1178,2.35e-06,1.8447,5060.0,12.0,880.0,1034.0,2550.0,498.0,98.0,51.26,122.52,101.51,152.63,406.3,9e-08,5.3e-07,1.08e-06,3.2e-07,3.3e-07,66.0,5.999999999999985e-08,0,0.0
0.1237,0.5049,0.123,2.41e-06,1.8555,5099.0,12.0,881.0,1026.0,2565.0,518.0,109.0,52.22,119.61,101.84,149.34,424.06,1e-07,5.1e-07,1.09e-06,3.2e-07,3.9e-07,39.0,5.999999999999985e-08,0,0.0
0.1209,0.4896,0.1234,2.36e-06,1.8666,5058.0,12.0,877.0,1058.0,2499.0,518.0,106.0,52.34,120.92,101.66,149.63,398.41,1e-07,5.3e-07,1.06e-06,3.2e-07,3.5e-07,-41.0,-4.9999999999999945e-08,0,0.0
0.1289,0.5234,0.1284,2.49e-06,1.8751,5188.0,12.0,908.0,1049.0,2565.0,549.0,117.0,51.92,122.99,101.88,152.43,416.87,1e-07,5.4e-07,1.09e-06,3.5e-07,4.1e-07,130.0,1.3000000000000003e-07,0,0.0
0.1261,0.5334,0.128,2.46e-06,1.862,5249.0,12.0,896.0,1048.0,2633.0,559.0,113.0,50.98,121.33,101.47,152.8,373.96,1e-07,5.3e-07,1.12e-06,3.6e-07,3.5e-07,61.0,-2.999999999999971e-08,0,0.0
0.1188,0.4855,0.1205,2.45e-06,1.8543,5205.0,12.0,901.0,1071.0,2606.0,520.0,107.0,51.74,122.73,101.9,151.58,404.15,1e-07,5.5e-07,1.11e-06,3.3e-07,3.6e-07,-44.0,-1.0000000000000328e-08,0,0.0
0.1338,0.5014,0.1267,2.52e-06,1.8778,5303.0,12.0,927.0,1093.0,2611.0,548.0,124.0,51.49,120.75,102.1,153.28,395.37,1e-07,5.5e-07,1.11e-06,3.5e-07,4.1e-07,98.0,7.000000000000018e-08,0,0.0
0.1347,0.4918,0.1259,2.52e-06,1.8788,5307.0,12.0,928.0,1104.0,2607.0,543.0,125.0,51.9,121.33,100.67,153.22,395.2,1e-07,5.6e-07,1.1e-06,3.5e-07,4.1e-07,4.0,0.0,0,0.0
0.1268,0.4967,0.1221,2.5e-06,1.8567,5315.0,12.0,923.0,1071.0,2672.0,532.0,117.0,52.27,120.44,101.64,153.13,402.64,1e-07,5.4e-07,1.13e-06,3.4e-07,3.9e-07,8.0,-1.999999999999981e-08,0,0.0
0.1306,0.4831,0.1232,2.59e-06,1.8731,5428.0,12.0,957.0,1126.0,2676.0,544.0,125.0,50.97,123.12,101.87,149.68,413.81,1e-07,5.8e-07,1.14e-06,3.4e-07,4.3e-07,113.0,8.999999999999999e-08,0,0.0
0.1352,0.4809,0.1224,2.6e-06,1.867,5467.0,12.0,954.0,1123.0,2721.0,540.0,129.0,50.96,120.78,101.76,152.04,396.12,1e-07,5.7e-07,1.16e-06,3.4e-07,4.3e-07,39.0,9.999999999999904e-09,0,0.0
0.1214,0.5207,0.1236,2.55e-06,1.8496,5501.0,12.0,947.0,1085.0,2789.0,565.0,115.0,51.78,120.11,100.69,151.2,398.99,1e-07,5.4e-07,1.17e-06,3.6e-07,3.8e-07,34.0,-4.9999999999999945e-08,0,0.0
0.1155,0.4625,0.1156,2.59e-06,1.8474,5502.0,13.0,970.0,1133.0,2763.0,524.0,112.0,51.91,123.68,101.96,151.93,404.07,1.1e-07,5.9e-07,1.18e-06,3.3e-07,3.8e-07,1.0,4.000000000000004e-08,0,0.0
0.1217,0.4978,0.1218,2.64e-06,1.8523,5585.0,13.0,961.0,1131.0,2813.0,563.0,117.0,51.7,121.59,102.23,151.07,415.79,1e-07,5.7e-07,1.2e-06,3.6e-07,4.1e-07,83.0,4.9999999999999945e-08,0,0.0
0.1152,0.4875,0.1214,2.61e-06,1.8592,5586.0,13.0,972.0,1161.0,2775.0,566.0,112.0,52.64,121.44,102.2,154.08,398.35,1.1e-07,5.9e-07,1.18e-06,3.6e-07,3.7e-07,1.0,-3.0000000000000136e-08,0,0.0
0.111,0.5139,0.1235,2.62e-06,1.855,5660.0,13.0,982.0,1148.0,2831.0,590.0,109.0,51.13,120.55,101.76,153.54,397.42,1e-07,5.8e-07,1.2e-06,3.8e-07,3.6e-07,74.0,9.999999999999904e-09,0,0.0
0.1269,0.4944,0.1224,2.73e-06,1.8593,5725.0,13.0,993.0,1163.0,2868.0,575.0,126.0,51.76,120.83,102.56,151.39,416.93,1.1e-07,5.9e-07,1.23e-06,3.6e-07,4.4e-07,65.0,1.1000000000000022e-07,0,0.0
0.1318,0.5072,0.1282,2.73e-06,1.8788,5710.0,13.0,986.0,1187.0,2805.0,602.0,130.0,51.34,123.08,101.49,151.65,408.83,1.1e-07,6.1e-07,1.19e-06,3.8e-07,4.4e-07,-15.0,0.0,0,0.0
0.1182,0.5194,0.1249,2.69e-06,1.8587,5755.0,13.0,998.0,1157.0,2881.0,601.0,118.0,51.48,122.12,101.81,149.47,394.8,1.1e-07,5.9e-07,1.22e-06,3.8e-07,3.9e-07,45.0,-4.000000000000004e-08,0,0.0
0.1475,0.5145,0.1309,2.83e-06,1.8858,5869.0,13.0,1010.0,1203.0,2888.0,619.0,149.0,51.64,120.11,100.46,153.66,406.35,1.1e-07,6e-07,1.21e-06,4e-07,5.1e-07,114.0,1.3999999999999993e-07,0,0.0
0.1048,0.5112,0.1234,2.71e-06,1.8572,5858.0,13.0,1021.0,1205.0,2909.0,616.0,107.0,51.16,121.45,102.2,152.52,398.4,1.1e-07,6.1e-07,1.24e-06,3.9e-07,3.6e-07,-11.0,-1.2000000000000012e-07,0,0.0
0.1278,0.495,0.1235,2.75e-06,1.8628,5846.0,13.0,1009.0,1198.0,2917.0,593.0,129.0,51.34,121.4,101.23,150.28,403.1,1.1e-07,6.1e-07,1.23e-06,3.7e-07,4.3e-07,-12.0,4.000000000000004e-08,0,0.0
0.1332,0.5067,0.1236,2.85e-06,1.8531,6002.0,13.0,1021.0,1196.0,3043.0,606.0,136.0,51.82,121.96,102.25,150.84,397.38,1.1e-07,6.1e-07,1.3e-06,3.8e-07,4.5e-07,156.0,9.999999999999989e-08,0,0.0
0.1196,0.4992,0.1236,2.83e-06,1.8641,5995.0,13.0,1045.0,1234.0,2975.0,616.0,125.0,50.94,121.68,101.97,151.88,412.58,1.1e-07,6.3e-07,1.27e-06,3.9e-07,4.3e-07,-7.0,-1.999999999999981e-08,0,0.0
0.1372,0.5157,0.1275,2.88e-06,1.8698,6017.0,14.0,1035.0,1212.0,3003.0,625.0,142.0,51.75,122.1,102.59,149.46,399.57,1.1e-07,6.2e-07,1.29e-06,3.9e-07,4.7e-07,22.0,4.9999999999999945e-08,0,0.0
0.1343,0.498,0.1248,2.9e-06,1.8654,6040.0,14.0,1035.0,1235.0,3016.0,615.0,139.0,51.28,121.98,101.83,152.72,420.09,1.1e-07,6.3e-07,1.28e-06,3.9e-07,4.9e-07,23.0,2.0000000000000232e-08,0,0.0
0.1346,0.4988,0.124,2.91e-06,1.8653,6143.0,14.0,1070.0,1239.0,3072.0,618.0,144.0,52.08,120.99,101.21,150.57,392.38,1.2e-07,6.3e-07,1.3e-06,3.9e-07,4.7e-07,103.0,9.999999999999904e-09,0,0.0
0.1288,0.4787,0.1195,2.88e-06,1.8514,6119.0,14.0,1056.0,1243.0,3089.0,595.0,136.0,51.84,121.01,101.79,151.91,398.75,1.1e-07,6.3e-07,1.31e-06,3.8e-07,4.5e-07,-24.0,-3.0000000000000136e-08,0,0.0
0.1164,0.4877,0.12,2.87e-06,1.8512,6143.0,14.0,1065.0,1257.0,3084.0,613.0,124.0,52.13,121.18,101.56,154.17,392.95,1.2e-07,6.4e-07,1.31e-06,3.9e-07,4.1e-07,24.0,-9.999999999999904e-09,0,0.0
0.1158,0.5024,0.1218,2.89e-06,1.852,6238.0,14.0,1079.0,1264.0,3135.0,635.0,125.0,50.89,120.15,102.1,152.03,389.89,1.1e-07,6.3e-07,1.34e-06,4e-07,4.1e-07,95.0,1.999999999999981e-08,0,0.0
0.1163,0.5094,0.1234,2.92e-06,1.8555,6266.0,14.0,1083.0,1270.0,3140.0,647.0,126.0,52.22,122.85,101.34,148.89,398.63,1.2e-07,6.5e-07,1.33e-06,4e-07,4.2e-07,28.0,3.0000000000000136e-08,0,0.0
0.1304,0.4884,0.124,2.96e-06,1.8696,6235.0,14.0,1081.0,1294.0,3087.0,632.0,141.0,51.92,122.78,101.69,150.8,402.85,1.2e-07,6.6e-07,1.31e-06,4e-07,4.7e-07,-31.0,4.000000000000004e-08,0,0.0
0.1048,0.4726,0.1159,2.93e-06,1.842,6377.0,14.0,1116.0,1316.0,3206.0,622.0,117.0,51.53,120.49,101.49,151.18,405.94,1.2e-07,6.6e-07,1.36e-06,3.9e-07,4e-07,142.0,-3.0000000000000136e-08,0,0.0
0.1204,0.5253,0.1263,3e-06,1.8616,6389.0,14.0,1105.0,1283.0,3194.0,674.0,133.0,51.28,121.0,101.2,151.28,407.11,1.2e-07,6.5e-07,1.35e-06,4.3e-07,4.5e-07,12.0,7.000000000000018e-08,0,0.0
0.1124,0.4992,0.1219,2.97e-06,1.8565,6367.0,14.0,1112.0,1304.0,3175.0,651.0,125.0,52.51,123.26,102.22,148.95,407.54,1.2e-07,6.7e-07,1.35e-06,4e-07,4.3e-07,-22.0,-3.0000000000000136e-08,0,0.0
0.1274,0.4778,0.1195,3.08e-06,1.8535,6512.0,14.0,1130.0,1327.0,3277.0,634.0,144.0,51.51,123.99,100.52,153.2,396.22,1.2e-07,6.9e-07,1.38e-06,4.1e-07,4.8e-07,145.0,1.1000000000000022e-07,0,0.0
0.1325,0.4912,0.1201,2.47e-06,1.8444,5172.0,15.0,883.0,1026.0,2642.0,504.0,117.0,51.65,123.4,102.87,148.96,412.72,1e-07,5.3e-07,1.13e-06,3.1e-07,4e-07,-1340.0,-6.100000000000001e-07,0,0.0
0.1285,0.5079,0.1262,2.35e-06,1.8706,4929.0,15.0,856.0,1008.0,2443.0,512.0,110.0,51.54,123.2,102.54,148.53,398.26,9e-08,5.2e-07,1.05e-06,3.2e-07,3.7e-07,-243.0,-1.2000000000000012e-07,0,0.0
0.124,0.4939,0.1211,2.28e-06,1.8525,4896.0,15.0,847.0,988.0,2468.0,488.0,105.0,51.82,120.04,101.04,150.02,392.31,9e-08,5e-07,1.04e-06,3.1e-07,3.4e-07,-33.0,-6.999999999999975e-08,0,0.0
0.1206,0.476,0.119,2.22e-06,1.8539,4756.0,15.0,829.0,979.0,2382.0,466.0,100.0,51.55,123.35,101.19,150.69,395.87,9e-08,5e-07,1.01e-06,2.9e-07,3.3e-07,-140.0,-6.000000000000027e-08,0,0.0
0.1168,0.4783,0.1196,2.27e-06,1.8572,4790.0,15.0,839.0,993.0,2385.0,475.0,98.0,51.69,123.45,102.94,152.98,412.11,9e-08,5.1e-07,1.03e-06,3e-07,3.4e-07,34.0,4.9999999999999945e-08,0,0.0
0.1321,0.5137,0.1273,2.22e-06,1.8666,4642.0,15.0,787.0,948.0,2316.0,487.0,104.0,51.91,122.9,101.85,154.67,397.99,9e-08,4.9e-07,9.8e-07,3.1e-07,3.5e-07,-148.0,-4.9999999999999945e-08,0,0.0
0.0995,0.5097,0.1201,2.13e-06,1.8424,4605.0,15.0,804.0,928.0,2320.0,473.0,80.0,50.4,124.63,101.88,152.76,418.72,8e-08,4.8e-07,9.9e-07,3e-07,2.8e-07,-37.0,-8.999999999999999e-08,0,0.0
0.1242,0.5043,0.1226,2.23e-06,1.8555,4675.0,15.0,813.0,936.0,2353.0,472.0,101.0,52.26,123.28,101.54,151.49,431.16,9e-08,4.8e-07,1e-06,3e-07,3.6e-07,70.0,9.999999999999989e-08,0,0.0
0.1165,0.518,0.1253,2.19e-06,1.859,4644.0,15.0,798.0,944.0,2320.0,489.0,93.0,51.38,123.47,102.02,151.08,397.05,9e-08,4.9e-07,9.9e-07,3.1e-07,3.1e-07,-31.0,-3.999999999999962e-08,0,0.0
0.1289,0.471,0.1214,2.08e-06,1.8663,4432.0,15.0,768.0,932.0,2194.0,439.0,99.0,50.82,118.04,101.95,148.63,406.83,8e-08,4.6e-07,9.3e-07,2.7e-07,3.4e-07,-212.0,-1.1000000000000022e-07,0,0.0
0.1198,0.4922,0.1235,2e-06,1.8681,4298.0,15.0,751.0,896.0,2120.0,441.0,90.0,52.11,119.11,101.43,150.04,390.86,8e-08,4.5e-07,9e-07,2.8e-07,2.9e-07,-134.0,-8.000000000000008e-08,0,0.0
0.1608,0.5113,0.1281,2.07e-06,1.8725,4270.0,15.0,734.0,839.0,2150.0,429.0,118.0,50.3,120.63,102.4,149.87,383.88,8e-08,4.2e-07,9.2e-07,2.7e-07,3.8e-07,-28.0,7.000000000000018e-08,0,0.0
0.1224,0.4966,0.1262,1.94e-06,1.8757,4159.0,16.0,719.0,880.0,2035.0,437.0,88.0,52.2,120.8,100.34,149.95,406.73,8e-08,4.4e-07,8.5e-07,2.7e-07,3e-07,-111.0,-1.3000000000000003e-07,0,0.0
0.1377,0.5024,0.1264,1.97e-06,1.8729,4160.0,16.0,719.0,850.0,2065.0,427.0,99.0,51.2,118.93,100.77,151.83,395.74,8e-08,4.2e-07,8.7e-07,2.7e-07,3.3e-07,1.0,3.0000000000000136e-08,0,0.0
0.11,0.4688,0.117,1.92e-06,1.85,4146.0,16.0,727.0,864.0,2070.0,405.0,80.0,52.09,121.39,101.75,150.44,407.29,8e-08,4.4e-07,8.8e-07,2.5e-07,2.7e-07,-14.0,-5.000000000000037e-08,0,0.0
0.1016,0.4726,0.1152,1.82e-06,1.8361,3976.0,16.0,689.0,821.0,2008.0,388.0,70.0,51.73,121.75,101.61,151.43,397.61,7e-08,4.2e-07,8.5e-07,2.5e-07,2.3e-07,-170.0,-9.999999999999989e-08,0,0.0
0.1584,0.5204,0.1333,1.94e-06,1.8946,3977.0,16.0,688.0,809.0,1950.0,421.0,109.0,52.2,122.43,102.03,153.06,398.03,7e-08,4.1e-07,8.3e-07,2.7e-07,3.6e-07,1.0,1.2000000000000012e-07,0,0.0
0.1098,0.5033,0.1211,1.76e-06,1.8521,3789.0,16.0,665.0,767.0,1898.0,386.0,73.0,51.01,120.33,102.49,150.07,412.95,7e-08,3.9e-07,8.1e-07,2.4e-07,2.5e-07,-188.0,-1.7999999999999997e-07,0,0.0
0.1155,0.4918,0.1188,1.83e-06,1.8439,3932.0,16.0,684.0,789.0,1992.0,388.0,79.0,51.61,119.72,102.62,151.7,409.05,7e-08,3.9e-07,8.5e-07,2.5e-07,2.7e-07,143.0,6.999999999999997e-08,0,0.0
0.1231,0.4942,0.1221,1.78e-06,1.8557,3777.0,16.0,650.0,771.0,1895.0,381.0,80.0,52.41,120.59,101.26,149.94,426.19,7e-08,3.9e-07,8e-07,2.4e-07,2.8e-07,-155.0,-5.0000000000000157e-08,0,0.0
0.1199,0.5391,0.1281,1.82e-06,1.8635,3855.0,16.0,667.0,768.0,1926.0,414.0,80.0,51.66,118.55,101.97,153.41,416.52,7e-08,3.8e-07,8.2e-07,2.7e-07,2.8e-07,78.0,4.000000000000004e-08,0,0.0
0.1154,0.5054,0.123,1.7e-06,1.8562,3603.0,16.0,624.0,734.0,1802.0,371.0,72.0,52.85,121.84,101.7,151.87,413.58,7e-08,3.7e-07,7.7e-07,2.4e-07,2.5e-07,-252.0,-1.199999999999999e-07,0,0.0
0.1246,0.5112,0.1227,1.69e-06,1.8498,3593.0,16.0,618.0,712.0,1822.0,364.0,77.0,51.93,123.3,101.61,144.15,398.54,7e-08,3.7e-07,7.7e-07,2.2e-07,2.6e-07,-10.0,-1.0000000000000116e-08,0,0.0
0.1248,0.5444,0.1283,1.63e-06,1.8594,3500.0,16.0,601.0,687.0,1763.0,374.0,75.0,51.51,115.61,101.15,151.91,412.53,6e-08,3.3e-07,7.4e-07,2.4e-07,2.6e-07,-93.0,-5.999999999999985e-08,0,0.0
0.1385,0.5069,0.1277,1.89e-06,1.8793,3924.0,17.0,686.0,801.0,1936.0,406.0,95.0,52.62,121.45,101.34,149.93,417.2,8e-08,4.1e-07,8.2e-07,2.5e-07,3.3e-07,424.0,2.5999999999999984e-07,0,0.0
0.1124,0.4798,0.1177,1.88e-06,1.8486,3992.0,17.0,703.0,815.0,2004.0,391.0,79.0,52.57,122.84,102.94,152.84,408.2,8e-08,4.2e-07,8.6e-07,2.5e-07,2.7e-07,68.0,-9.999999999999904e-09,0,0.0
0.108,0.4943,0.1181,1.79e-06,1.8376,3913.0,17.0,676.0,787.0,1988.0,389.0,73.0,51.76,119.27,101.09,151.31,401.1,7e-08,3.9e-07,8.4e-07,2.5e-07,2.4e-07,-79.0,-8.999999999999999e-08,0,0.0
0.1106,0.4957,0.1224,1.8e-06,1.8626,3906.0,17.0,687.0,811.0,1930.0,402.0,76.0,51.35,120.97,100.92,152.18,396.21,7e-08,4.1e-07,8.1e-07,2.6e-07,2.5e-07,-7.0,9.999999999999904e-09,0,0.0
0.1188,0.4939,0.1216,1.85e-06,1.856,3979.0,17.0,690.0,814.0,1991.0,402.0,82.0,51.05,118.29,101.68,149.88,402.68,7e-08,4e-07,8.5e-07,2.5e-07,2.8e-07,73.0,5.0000000000000157e-08,0,0.0
0.1447,0.5018,0.1263,1.97e-06,1.8663,4126.0,17.0,698.0,837.0,2070.0,420.0,101.0,51.46,123.55,101.46,147.55,387.16,7e-08,4.3e-07,8.8e-07,2.6e-07,3.3e-07,147.0,1.2000000000000012e-07,0,0.0
0.1125,0.5018,0.1217,1.87e-06,1.8582,4010.0,17.0,711.0,813.0,1998.0,408.0,80.0,53.54,120.5,101.9,150.88,408.94,8e-08,4.1e-07,8.5e-07,2.6e-07,2.7e-07,-116.0,-1.000000000000001e-07,0,0.0
0.1519,0.5124,0.1268,1.97e-06,1.8651,4085.0,17.0,698.0,804.0,2065.0,412.0,106.0,52.3,123.96,101.38,149.16,386.75,8e-08,4.2e-07,8.7e-07,2.6e-07,3.4e-07,75.0,1.000000000000001e-07,0,0.0
0.1248,0.5246,0.1266,1.97e-06,1.8634,4169.0,17.0,721.0,835.0,2085.0,438.0,90.0,51.24,121.85,101.78,152.15,405.28,8e-08,4.2e-07,8.9e-07,2.8e-07,3e-07,84.0,0.0,0,0.0
0.1103,0.4874,0.1168,1.94e-06,1.8363,4170.0,17.0,725.0,835.0,2123.0,407.0,80.0,51.04,124.39,102.0,151.61,406.37,8e-08,4.3e-07,9e-07,2.6e-07,2.7e-07,1.0,-3.0000000000000136e-08,0,0.0
0.1153,0.5,0.1229,1.9e-06,1.858,4117.0,17.0,711.0,848.0,2052.0,424.0,82.0,51.75,121.91,101.18,148.83,382.76,8e-08,4.3e-07,8.7e-07,2.6e-07,2.6e-07,-53.0,-4.000000000000004e-08,0,0.0
0.1103,0.5104,0.1254,1.95e-06,1.8666,4169.0,17.0,725.0,868.0,2053.0,443.0,80.0,52.93,121.32,102.2,152.29,400.06,8e-08,4.4e-07,8.8e-07,2.8e-07,2.7e-07,52.0,4.9999999999999945e-08,0,0.0
0.1493,0.5071,0.1263,2.09e-06,1.8678,4276.0,18.0,737.0,848.0,2151.0,430.0,110.0,52.88,120.24,102.21,151.19,420.78,8e-08,4.3e-07,9.2e-07,2.7e-07,3.9e-07,107.0,1.3999999999999993e-07,0,0.0
0.1339,0.4994,0.1243,2.04e-06,1.8627,4263.0,18.0,732.0,865.0,2136.0,432.0,98.0,51.23,121.2,102.32,152.44,418.7,8e-08,4.4e-07,9.1e-07,2.7e-07,3.4e-07,-13.0,-4.9999999999999945e-08,0,0.0
0.1483,0.4898,0.1251,2.12e-06,1.8724,4363.0,18.0,755.0,886.0,2176.0,434.0,112.0,50.85,122.44,101.36,154.43,415.49,8e-08,4.5e-07,9.2e-07,2.8e-07,3.9e-07,100.0,8.000000000000008e-08,0,0.0
0.105,0.5162,0.124,1.92e-06,1.8592,4234.0,18.0,743.0,866.0,2100.0,447.0,78.0,51.18,123.03,101.98,151.58,351.67,8e-08,4.4e-07,8.9e-07,2.8e-07,2.3e-07,-129.0,-2.000000000000002e-07,0,0.0
0.1361,0.5,0.1244,2.07e-06,1.8663,4342.0,18.0,757.0,874.0,2171.0,437.0,103.0,50.8,122.08,101.19,149.84,402.55,8e-08,4.5e-07,9.2e-07,2.7e-07,3.5e-07,108.0,1.5000000000000026e-07,0,0.0
0.1146,0.4508,0.1161,2e-06,1.857,4299.0,18.0,759.0,914.0,2127.0,412.0,87.0,51.3,122.89,101.77,153.19,392.78,8e-08,4.7e-07,9e-07,2.6e-07,2.9e-07,-43.0,-7.000000000000018e-08,0,0.0
0.1139,0.4883,0.1214,2.03e-06,1.8619,4341.0,18.0,764.0,901.0,2149.0,440.0,87.0,50.5,121.52,101.76,151.42,411.4,8e-08,4.6e-07,9.1e-07,2.8e-07,3e-07,42.0,3.0000000000000136e-08,0,0.0
0.1362,0.5192,0.1284,2.04e-06,1.8713,4245.0,18.0,727.0,859.0,2114.0,446.0,99.0,50.87,121.86,100.6,154.07,412.4,8e-08,4.4e-07,8.9e-07,2.9e-07,3.4e-07,-96.0,9.999999999999904e-09,0,0.0
0.113,0.4833,0.1187,2.06e-06,1.8514,4379.0,18.0,770.0,896.0,2193.0,433.0,87.0,51.5,122.61,101.46,153.86,420.04,8e-08,4.6e-07,9.3e-07,2.8e-07,3.1e-07,134.0,2.0000000000000232e-08,0,0.0
0.1223,0.4818,0.1195,2.03e-06,1.8481,4302.0,18.0,736.0,880.0,2172.0,424.0,90.0,51.89,124.9,101.96,147.97,411.04,8e-08,4.6e-07,9.2e-07,2.6e-07,3.1e-07,-77.0,-3.0000000000000136e-08,0,0.0
0.119,0.4989,0.122,2.11e-06,1.8585,4493.0,18.0,790.0,910.0,2245.0,454.0,94.0,51.75,122.04,101.03,156.55,392.35,9e-08,4.6e-07,9.5e-07,3e-07,3.1e-07,191.0,8.000000000000008e-08,0,0.0
0.1519,0.4794,0.1242,2.19e-06,1.8694,4510.0,18.0,770.0,924.0,2256.0,443.0,117.0,51.59,121.64,102.41,151.57,413.77,8e-08,4.7e-07,9.6e-07,2.8e-07,4e-07,17.0,8.000000000000008e-08,0,0.0
0.0972,0.5212,0.1228,1.78e-06,1.8524,3845.0,19.0,679.0,779.0,1915.0,406.0,66.0,52.53,121.91,102.37,153.87,416.74,7e-08,4e-07,8.2e-07,2.6e-07,2.3e-07,-665.0,-4.100000000000003e-07,0,0.0
0.1008,0.4861,0.116,1.69e-06,1.8282,3725.0,19.0,635.0,757.0,1901.0,368.0,64.0,52.16,121.7,101.6,148.15,380.74,7e-08,3.8e-07,8.1e-07,2.3e-07,2e-07,-120.0,-8.999999999999999e-08,0,0.0
0.1326,0.5233,0.1274,1.77e-06,1.8648,3651.0,19.0,626.0,730.0,1830.0,382.0,83.0,52.13,123.43,102.06,155.03,424.42,7e-08,3.8e-07,7.8e-07,2.5e-07,2.9e-07,-74.0,8.000000000000008e-08,0,0.0
0.1116,0.4802,0.1207,1.74e-06,1.8632,3712.0,19.0,654.0,781.0,1829.0,375.0,73.0,51.94,122.06,101.43,151.63,422.31,7e-08,4e-07,7.7e-07,2.4e-07,2.6e-07,61.0,-2.9999999999999925e-08,0,0.0
0.119,0.5042,0.123,1.66e-06,1.8553,3513.0,19.0,605.0,714.0,1762.0,360.0,72.0,51.68,122.97,102.68,153.53,384.0,7e-08,3.7e-07,7.6e-07,2.3e-07,2.3e-07,-199.0,-8.000000000000008e-08,0,0.0
0.13,0.506,0.1283,1.71e-06,1.8843,3593.0,19.0,631.0,749.0,1752.0,379.0,82.0,51.85,124.56,102.71,151.04,384.84,7e-08,3.9e-07,7.5e-07,2.4e-07,2.6e-07,80.0,4.9999999999999945e-08,0,0.0
0.1145,0.4865,0.1196,1.67e-06,1.8515,3611.0,19.0,629.0,740.0,1810.0,360.0,72.0,52.29,120.56,101.32,152.07,386.59,7e-08,3.7e-07,7.7e-07,2.3e-07,2.3e-07,18.0,-3.999999999999983e-08,0,0.0
0.1081,0.4959,0.1233,1.65e-06,1.8678,3512.0,19.0,620.0,738.0,1721.0,366.0,67.0,52.48,123.45,103.14,147.18,433.74,7e-08,3.8e-07,7.4e-07,2.2e-07,2.4e-07,-99.0,-2.000000000000002e-08,0,0.0
0.1161,0.4686,0.1168,1.55e-06,1.8462,3322.0,19.0,577.0,685.0,1672.0,321.0,67.0,52.3,123.17,101.67,154.89,396.47,6e-08,3.5e-07,7.1e-07,2.1e-07,2.2e-07,-190.0,-1.000000000000001e-07,0,0.0
0.1325,0.4891,0.1216,1.61e-06,1.8543,3389.0,19.0,581.0,685.0,1711.0,335.0,77.0,51.52,124.55,101.04,152.82,409.35,6e-08,3.6e-07,7.2e-07,2.1e-07,2.6e-07,67.0,6.000000000000006e-08,0,0.0
0.1302,0.4813,0.1207,1.67e-06,1.8525,3521.0,19.0,599.0,721.0,1776.0,347.0,78.0,51.57,118.46,102.2,153.95,417.25,6e-08,3.6e-07,7.6e-07,2.2e-07,2.7e-07,132.0,6.000000000000006e-08,0,0.0
0.1107,0.4858,0.1205,1.48e-06,1.8597,3227.0,19.0,569.0,671.0,1598.0,326.0,63.0,52.03,120.53,101.12,147.45,392.89,6e-08,3.4e-07,6.7e-07,2e-07,2.1e-07,-294.0,-1.9000000000000009e-07,0,0.0
0.1595,0.5144,0.1312,1.58e-06,1.885,3262.0,20.0,558.0,659.0,1617.0,339.0,89.0,51.1,120.14,101.17,153.53,396.6,6e-08,3.3e-07,6.8e-07,2.2e-07,2.9e-07,35.0,9.999999999999989e-08,0,0.0
0.1188,0.5007,0.1244,1.56e-06,1.8684,3319.0,20.0,581.0,687.0,1638.0,344.0,69.0,52.45,122.8,102.88,154.23,395.97,6e-08,3.5e-07,7e-07,2.2e-07,2.3e-07,57.0,-1.999999999999981e-08,0,0.0
0.1119,0.5062,0.1222,1.47e-06,1.8572,3191.0,20.0,563.0,646.0,1592.0,327.0,63.0,51.25,119.47,101.4,151.79,393.33,6e-08,3.2e-07,6.7e-07,2.1e-07,2.1e-07,-128.0,-9.00000000000002e-08,0,0.0
0.0932,0.4633,0.1116,1.42e-06,1.8222,3171.0,20.0,547.0,654.0,1616.0,303.0,51.0,50.62,118.66,100.07,151.22,395.57,6e-08,3.2e-07,6.8e-07,1.9e-07,1.7e-07,-20.0,-4.9999999999999945e-08,0,0.0
0.1171,0.5008,0.1231,1.49e-06,1.8589,3209.0,20.0,555.0,659.0,1600.0,330.0,65.0,50.93,120.14,100.42,150.2,405.53,6e-08,3.3e-07,6.7e-07,2.1e-07,2.2e-07,38.0,6.999999999999997e-08,0,0.0
0.125,0.5235,0.1266,1.49e-06,1.8642,3184.0,20.0,552.0,638.0,1591.0,334.0,69.0,51.01,120.36,100.57,151.59,402.98,6e-08,3.2e-07,6.7e-07,2.1e-07,2.3e-07,-25.0,0.0,0,0.0
0.1161,0.4589,0.116,1.35e-06,1.8486,2914.0,20.0,508.0,608.0,1460.0,279.0,59.0,51.3,122.71,100.75,155.73,398.5,5e-08,3.1e-07,6.1e-07,1.8e-07,2e-07,-270.0,-1.3999999999999993e-07,0,0.0
0.1284,0.491,0.1243,1.39e-06,1.8718,2944.0,20.0,514.0,611.0,1453.0,300.0,66.0,51.27,121.69,101.25,151.18,406.76,6e-08,3.1e-07,6.1e-07,1.9e-07,2.2e-07,30.0,4.000000000000004e-08,0,0.0
0.1209,0.5123,0.125,1.41e-06,1.8633,2999.0,20.0,521.0,609.0,1494.0,312.0,63.0,52.95,124.15,101.68,150.31,376.91,6e-08,3.2e-07,6.3e-07,2e-07,2e-07,55.0,2.000000000000002e-08,0,0.0
0.1373,0.4766,0.1224,1.36e-06,1.8712,2900.0,20.0,510.0,598.0,1437.0,285.0,70.0,51.49,121.21,101.21,153.97,381.89,5e-08,3e-07,6.1e-07,1.8e-07,2.2e-07,-99.0,-5.0000000000000157e-08,0,0.0
0.126,0.5092,0.1271,1.36e-06,1.876,2904.0,20.0,508.0,599.0,1428.0,305.0,64.0,50.78,120.46,102.54,152.12,393.17,5e-08,3e-07,6.1e-07,1.9e-07,2.1e-07,4.0,0.0,0,0.0
0.1337,0.5125,0.1273,1.32e-06,1.8759,2772.0,20.0,486.0,562.0,1371.0,288.0,65.0,51.79,122.91,101.74,146.29,400.59,5e-08,2.9e-07,5.8e-07,1.8e-07,2.2e-07,-132.0,-3.999999999999983e-08,0,0.0
0.1338,0.5027,0.1231,8.7e-07,1.8492,1869.0,21.0,314.0,374.0,951.0,188.0,42.0,51.15,123.41,99.67,148.68,383.18,3e-08,1.9e-07,4e-07,1.2e-07,1.3e-07,-903.0,-4.5000000000000003e-07,0,0.0
0.1385,0.5013,0.1228,8.8e-07,1.8527,1898.0,21.0,325.0,375.0,965.0,188.0,45.0,50.67,117.0,99.57,152.18,411.08,3e-08,1.8e-07,4e-07,1.2e-07,1.5e-07,29.0,1.000000000000001e-08,0,0.0
0.0889,0.4893,0.1176,8.1e-07,1.8426,1794.0,21.0,315.0,374.0,894.0,183.0,28.0,52.31,117.4,103.5,153.14,404.6,3e-08,1.8e-07,3.9e-07,1.2e-07,9e-08,-104.0,-7.000000000000007e-08,0,0.0
0.0954,0.458,0.1127,7.6e-07,1.8303,1642.0,21.0,283.0,345.0,829.0,158.0,27.0,51.41,122.81,101.94,148.98,434.26,3e-08,1.8e-07,3.5e-07,1e-07,1e-07,-152.0,-4.9999999999999945e-08,0,0.0
0.1291,0.5253,0.1285,8.3e-07,1.8696,1759.0,21.0,302.0,356.0,875.0,187.0,39.0,50.45,122.38,100.82,150.47,407.87,3e-08,1.8e-07,3.7e-07,1.2e-07,1.3e-07,117.0,6.999999999999997e-08,0,0.0
0.1336,0.5272,0.1306,8.2e-07,1.8878,1723.0,21.0,307.0,349.0,842.0,184.0,41.0,52.56,125.18,101.27,158.38,392.11,3e-08,1.8e-07,3.6e-07,1.2e-07,1.3e-07,-36.0,-1.000000000000001e-08,0,0.0
0.1193,0.5589,0.131,7.7e-07,1.8631,1672.0,21.0,285.0,331.0,837.0,185.0,34.0,51.01,121.6,100.28,153.95,337.74,3e-08,1.7e-07,3.5e-07,1.2e-07,1e-07,-51.0,-4.9999999999999945e-08,0,0.0
0.1538,0.4604,0.1199,7.9e-07,1.8561,1610.0,21.0,273.0,328.0,816.0,151.0,42.0,51.43,123.85,100.96,152.98,417.72,3e-08,1.7e-07,3.4e-07,1e-07,1.5e-07,-62.0,1.9999999999999914e-08,0,0.0
0.1373,0.5491,0.1358,7.7e-07,1.8991,1605.0,21.0,284.0,326.0,777.0,179.0,39.0,52.55,119.11,102.52,154.99,388.03,3e-08,1.6e-07,3.3e-07,1.2e-07,1.3e-07,-5.0,-1.9999999999999914e-08,0,0.0
0.1316,0.5174,0.1276,7.4e-07,1.868,1559.0,21.0,266.0,317.0,777.0,164.0,35.0,50.63,120.59,101.94,145.4,403.63,3e-08,1.6e-07,3.3e-07,1e-07,1.2e-07,-46.0,-3.000000000000003e-08,0,0.0
0.1115,0.4765,0.1166,7.7e-07,1.8392,1664.0,21.0,287.0,340.0,843.0,162.0,32.0,55.78,123.6,102.47,147.11,388.36,3e-08,1.8e-07,3.6e-07,1e-07,1e-07,105.0,3.000000000000003e-08,0,0.0
0.1522,0.4894,0.1259,7.8e-07,1.8735,1612.0,21.0,276.0,329.0,804.0,161.0,42.0,51.61,123.36,101.75,155.79,388.11,3e-08,1.7e-07,3.4e-07,1e-07,1.4e-07,-52.0,1.000000000000001e-08,0,0.0
0.1062,0.4894,0.1229,7.2e-07,1.8682,1554.0,22.0,273.0,331.0,759.0,162.0,29.0,51.75,120.19,101.98,148.37,419.65,3e-08,1.7e-07,3.2e-07,1e-07,1e-07,-58.0,-6.000000000000006e-08,0,0.0
0.1107,0.481,0.1153,7.2e-07,1.8286,1579.0,22.0,271.0,316.0,810.0,152.0,30.0,49.64,121.05,101.1,148.49,406.17,3e-08,1.6e-07,3.4e-07,9e-08,1e-07,25.0,0.0,0,0.0
0.1254,0.5289,0.1315,7.6e-07,1.8877,1589.0,22.0,279.0,329.0,772.0,174.0,35.0,52.19,121.32,102.45,147.71,424.28,3e-08,1.7e-07,3.3e-07,1.1e-07,1.2e-07,10.0,4.000000000000004e-08,0,0.0
0.1313,0.5188,0.1258,7.1e-07,1.8655,1478.0,22.0,259.0,293.0,740.0,152.0,34.0,52.26,121.23,103.09,153.63,386.08,3e-08,1.5e-07,3.2e-07,1e-07,1.1e-07,-111.0,-5.000000000000005e-08,0,0.0
0.1474,0.5304,0.1322,7e-07,1.8829,1467.0,22.0,251.0,296.0,726.0,157.0,37.0,52.04,117.33,101.87,153.59,380.61,3e-08,1.4e-07,3.1e-07,1e-07,1.2e-07,-11.0,-1.000000000000001e-08,0,0.0
0.1158,0.4824,0.1207,7e-07,1.8565,1500.0,22.0,259.0,313.0,747.0,151.0,30.0,50.1,121.46,101.87,149.04,415.27,3e-08,1.6e-07,3.2e-07,9e-08,1e-07,33.0,0.0,0,0.0
0.1647,0.4848,0.1253,7.3e-07,1.867,1477.0,22.0,249.0,297.0,746.0,144.0,41.0,52.95,123.43,102.13,152.3,405.87,3e-08,1.5e-07,3.2e-07,9e-08,1.4e-07,-23.0,3.000000000000003e-08,0,0.0
0.1107,0.5017,0.1236,6.6e-07,1.8614,1408.0,22.0,244.0,293.0,697.0,147.0,27.0,52.22,122.25,101.79,141.89,389.1,3e-08,1.5e-07,3e-07,9e-08,9e-08,-69.0,-6.999999999999997e-08,0,0.0
0.0963,0.4231,0.1086,5.4e-07,1.8424,1206.0,22.0,218.0,260.0,597.0,110.0,21.0,53.41,121.46,102.02,159.33,396.06,2e-08,1.3e-07,2.5e-07,7e-08,7e-08,-202.0,-1.2000000000000002e-07,0,0.0
0.1027,0.4903,0.1164,5.9e-07,1.8329,1289.0,22.0,224.0,259.0,656.0,127.0,23.0,51.49,121.43,100.77,152.45,404.13,2e-08,1.3e-07,2.8e-07,8e-08,8e-08,83.0,4.9999999999999945e-08,0,0.0
0.1102,0.4748,0.1176,6.2e-07,1.8498,1344.0,22.0,236.0,278.0,672.0,132.0,26.0,51.8,121.93,99.24,151.02,405.55,3e-08,1.4e-07,2.8e-07,8e-08,9e-08,55.0,3.000000000000003e-08,0,0.0
0.0727,0.506,0.1121,5.6e-07,1.8004,1276.0,22.0,220.0,251.0,662.0,127.0,16.0,51.88,121.04,101.65,150.53,354.01,2e-08,1.3e-07,2.8e-07,8e-08,5e-08,-68.0,-5.999999999999995e-08,0,0.0
0.09,0.5505,0.1232,2.5e-07,1.8428,560.0,23.0,100.0,109.0,282.0,60.0,9.0,52.87,112.52,100.11,146.23,412.64,1e-08,5e-08,1.2e-07,4e-08,3e-08,-716.0,-3.1000000000000005e-07,0,0.0
0.1512,0.5049,0.131,2.4e-07,1.8932,496.0,23.0,86.0,103.0,242.0,52.0,13.0,50.63,119.55,102.84,152.6,444.54,1e-08,5e-08,1e-07,3e-08,5e-08,-64.0,-1.000000000000001e-08,0,0.0
0.1042,0.4545,0.1103,2.5e-07,1.8254,544.0,23.0,96.0,110.0,278.0,50.0,10.0,52.6,115.85,103.81,140.58,433.05,1e-08,5e-08,1.2e-07,3e-08,4e-08,48.0,1.000000000000001e-08,0,0.0
0.0889,0.5,0.1202,2.2e-07,1.8606,491.0,23.0,90.0,102.0,240.0,51.0,8.0,52.59,122.77,100.32,147.2,387.74,1e-08,5e-08,1e-07,3e-08,3e-08,-53.0,-2.999999999999998e-08,0,0.0
0.0968,0.5865,0.1259,2.5e-07,1.8207,556.0,23.0,93.0,104.0,289.0,61.0,9.0,54.65,124.58,98.22,144.19,422.23,1e-08,5e-08,1.2e-07,4e-08,3e-08,65.0,2.999999999999998e-08,0,0.0
0.0947,0.4732,0.1188,2.4e-07,1.8663,522.0,23.0,95.0,112.0,253.0,53.0,9.0,52.67,117.94,99.96,151.32,370.69,1e-08,6e-08,1.1e-07,3e-08,3e-08,-34.0,-1.000000000000001e-08,0,0.0
0.1818,0.52,0.131,2.6e-07,1.8761,519.0,23.0,88.0,100.0,263.0,52.0,16.0,47.74,121.9,102.17,152.59,422.21,1e-08,5e-08,1.1e-07,3e-08,6e-08,-3.0,2.000000000000002e-08,0,0.0
0.058,0.4941,0.1186,1.7e-07,1.8447,388.0,23.0,69.0,85.0,188.0,42.0,4.0,54.11,122.17,100.69,150.52,430.52,1e-08,4e-08,8e-08,3e-08,1e-08,-131.0,-9.000000000000001e-08,0,0.0
0.1017,0.5,0.1105,1.6e-07,1.7858,353.0,23.0,59.0,66.0,189.0,33.0,6.0,51.37,118.78,102.5,152.54,373.13,1e-08,3e-08,8e-08,2e-08,2e-08,-35.0,-9.999999999999984e-09,0,0.0
0.137,0.5122,0.1262,2e-07,1.873,412.0,23.0,73.0,82.0,205.0,42.0,10.0,51.68,122.98,101.1,149.79,391.76,1e-08,4e-08,9e-08,3e-08,3e-08,59.0,3.999999999999999e-08,0,0.0
0.1159,0.375,0.1011,1.8e-07,1.8319,376.0,23.0,69.0,80.0,189.0,30.0,8.0,49.29,123.65,104.26,153.92,468.78,1e-08,4e-08,8e-08,2e-08,3e-08,-36.0,-1.9999999999999994e-08,0,0.0
0.2407,0.5156,0.1407,1.8e-07,1.9092,327.0,23.0,54.0,64.0,163.0,33.0,13.0,52.58,129.32,100.97,158.69,420.02,1e-08,3e-08,7e-08,2e-08,5e-08,-49.0,0.0,0,0.0
0.0847,0.4225,0.1039,1.5e-07,1.8095,337.0,0.0,59.0,71.0,172.0,30.0,5.0,50.99,116.14,102.42,150.32,390.04,1e-08,3e-08,7e-08,2e-08,2e-08,10.0,-3.0000000000000004e-08,0,0.0
0.0893,0.5385,0.122,1.5e-07,1.8305,328.0,0.0,56.0,65.0,167.0,35.0,5.0,52.41,124.09,100.49,154.8,411.74,1e-08,3e-08,7e-08,2e-08,2e-08,-9.0,0.0,0,0.0
0.1364,0.4722,0.115,1.7e-07,1.8356,374.0,0.0,66.0,72.0,193.0,34.0,9.0,47.23,127.45,100.55,145.41,301.26,1e-08,4e-08,8e-08,2e-08,2e-08,46.0,1.9999999999999994e-08,0,0.0
0.0755,0.5,0.12,1.4e-07,1.849,300.0,0.0,53.0,64.0,147.0,32.0,4.0,50.23,119.2,100.39,155.85,509.31,1e-08,3e-08,6e-08,2e-08,2e-08,-74.0,-2.999999999999998e-08,0,0.0
0.0755,0.5088,0.1134,1.3e-07,1.8208,291.0,0.0,53.0,57.0,148.0,29.0,4.0,53.61,121.27,100.91,161.86,386.84,1e-08,3e-08,6e-08,2e-08,1e-08,-9.0,-1.000000000000001e-08,0,0.0
0.129,0.4048,0.1135,8e-08,1.857,185.0,0.0,31.0,42.0,91.0,17.0,4.0,43.99,119.14,103.35,161.37,446.66,0.0,2e-08,4e-08,1e-08,1e-08,-106.0,-5e-08,0,0.0
0.1212,0.5526,0.1374,9e-08,1.9101,182.0,0.0,33.0,38.0,86.0,21.0,4.0,56.18,117.71,98.49,132.43,498.5,0.0,2e-08,4e-08,1e-08,2e-08,-3.0,9.999999999999997e-09,0,0.0
0.2,0.5098,0.1435,1.3e-07,1.936,237.0,0.0,40.0,51.0,112.0,26.0,8.0,51.7,132.02,98.78,144.56,435.06,0.0,3e-08,5e-08,2e-08,3e-08,55.0,4e-08,0,0.0
0.0732,0.46,0.113,1e-07,1.8397,230.0,0.0,41.0,50.0,113.0,23.0,3.0,49.79,112.81,105.87,156.82,445.49,0.0,2e-08,5e-08,2e-08,1e-08,-7.0,-3.0000000000000004e-08,0,0.0
0.2593,0.6364,0.1697,8e-08,1.9767,165.0,0.0,27.0,33.0,77.0,21.0,7.0,53.5,121.12,101.32,159.57,367.73,0.0,2e-08,3e-08,1e-08,2e-08,-65.0,-1.9999999999999994e-08,0,0.0
