windowStart,checkoutToLoginRatio,cartToSearchRatio,highMemFraction,totalEstimatedCost,invocationEntropy,totalInvocations,hour_of_day,invocations_login,invocations_search,invocations_product,invocations_cart,invocations_checkout,avgDurationMs_login,avgDurationMs_search,avgDurationMs_product,avgDurationMs_cart,avgDurationMs_checkout,estimatedCost_login,estimatedCost_search,estimatedCost_product,estimatedCost_cart,estimatedCost_checkout,deltaTotalInvocations,deltaTotalEstimatedCost,anomaly,anomalyScore,anomalyTier
2026-03-27T06:11:00+01:00,0.0,0.5,0.125,0.0,1.9056,8.0,6.0,2.0,2.0,3.0,1.0,0.0,70.64,100.22,121.67,111.59,0.0,0.0,0.0,0.0,0.0,0.0,0.0,0.0,0,0.0,NORMAL
2026-03-27T06:16:00+01:00,2.1667,1.7778,0.4085,6e-08,2.1423,71.0,6.0,6.0,9.0,27.0,16.0,13.0,50.61,105.35,109.1,163.33,411.67,0.0,0.0,1e-08,1e-08,4e-08,63.0,6e-08,0,0.0,WARNING
2026-03-27T06:21:00+01:00,1.875,1.8,0.3976,8e-08,2.1476,83.0,6.0,8.0,10.0,32.0,18.0,15.0,50.31,120.06,107.52,172.76,368.81,0.0,1e-08,1e-08,1e-08,5e-08,12.0,2.0000000000000007e-08,0,0.0,WARNING
2026-03-27T06:26:00+01:00,1.5,1.7143,0.3529,1.1e-07,2.0989,119.0,6.0,12.0,14.0,51.0,24.0,18.0,55.03,134.43,101.46,153.91,380.68,0.0,1e-08,2e-08,2e-08,6e-08,36.0,3.0000000000000004e-08,0,0.0,ALERT
2026-03-27T06:31:00+01:00,1.3333,1.4,0.3458,1e-07,2.1509,107.0,6.0,12.0,15.0,43.0,21.0,16.0,52.68,131.95,94.35,149.2,413.91,0.0,1e-08,2e-08,1e-08,6e-08,-12.0,-1.000000000000001e-08,0,0.0,ALERT
2026-03-27T06:36:00+01:00,1.3846,1.9333,0.379,1.1e-07,2.1335,124.0,6.0,13.0,15.0,49.0,29.0,18.0,50.97,106.87,103.46,160.26,392.74,0.0,1e-08,2e-08,2e-08,6e-08,17.0,1.000000000000001e-08,0,0.0,ALERT
2026-03-27T06:41:00+01:00,3.0,2.5,0.481,9e-08,2.1343,79.0,6.0,6.0,8.0,27.0,20.0,18.0,58.37,116.75,105.49,166.45,474.12,0.0,0.0,1e-08,1e-08,7e-08,-45.0,-2.0000000000000007e-08,0,0.0,WARNING
2026-03-27T06:46:00+01:00,1.8889,2.4444,0.3861,1e-07,2.0556,101.0,6.0,9.0,9.0,44.0,22.0,17.0,47.15,135.6,97.33,142.06,398.0,0.0,1e-08,2e-08,1e-08,6e-08,22.0,9.999999999999997e-09,0,0.0,ALERT
2026-03-27T06:51:00+01:00,1.3636,1.6154,0.3564,9e-08,2.1368,101.0,6.0,11.0,13.0,41.0,21.0,15.0,53.91,132.01,101.5,146.03,360.62,0.0,1e-08,2e-08,1e-08,5e-08,0.0,-9.999999999999997e-09,0,0.0,ALERT
2026-03-27T06:56:00+01:00,1.4615,1.2941,0.3333,1.1e-07,2.1227,123.0,6.0,13.0,17.0,52.0,22.0,19.0,50.26,138.63,109.18,159.39,439.48,0.0,1e-08,2e-08,1e-08,7e-08,22.0,2.0000000000000007e-08,0,0.0,ALERT
2026-03-27T07:01:00+01:00,0.8,1.1364,0.277,1.1e-07,2.1007,148.0,7.0,20.0,22.0,65.0,25.0,16.0,53.96,122.06,101.96,147.11,375.01,0.0,1e-08,3e-08,2e-08,5e-08,25.0,0.0,0,0.0,ALERT
2026-03-27T07:06:00+01:00,1.1429,1.2941,0.2946,9e-08,2.0553,129.0,7.0,14.0,17.0,60.0,22.0,16.0,52.02,128.75,94.51,153.28,389.43,0.0,1e-08,2e-08,1e-08,5e-08,-19.0,-2.0000000000000007e-08,0,0.0,ALERT
2026-03-27T07:11:00+01:00,1.0556,1.2727,0.3241,1.2e-07,2.1575,145.0,7.0,18.0,22.0,58.0,28.0,19.0,57.26,110.22,105.79,153.46,383.71,0.0,1e-08,3e-08,2e-08,6e-08,16.0,2.999999999999999e-08,0,0.0,ALERT
2026-03-27T07:16:00+01:00,0.6216,1.05,0.2559,1.8e-07,2.0888,254.0,7.0,37.0,40.0,112.0,42.0,23.0,53.33,118.5,104.64,144.66,398.46,0.0,2e-08,5e-08,3e-08,8e-08,109.0,6.000000000000001e-08,0,0.0,ALERT
2026-03-27T07:21:00+01:00,0.3902,0.8444,0.2007,1.5e-07,1.9946,269.0,7.0,41.0,45.0,129.0,38.0,16.0,53.89,132.02,102.14,143.69,409.86,0.0,2e-08,6e-08,2e-08,5e-08,15.0,-3.0000000000000004e-08,0,0.0,ALERT
2026-03-27T07:26:00+01:00,0.5946,0.881,0.2287,1.6e-07,2.0465,258.0,7.0,37.0,42.0,120.0,37.0,22.0,48.01,122.07,102.05,154.55,395.7,0.0,2e-08,5e-08,2e-08,7e-08,-11.0,1.000000000000001e-08,0,0.0,ALERT
2026-03-27T07:31:00+01:00,0.7222,1.0541,0.2621,1.8e-07,2.0947,248.0,7.0,36.0,37.0,110.0,39.0,26.0,49.37,134.83,100.24,149.17,411.19,0.0,2e-08,5e-08,2e-08,9e-08,-10.0,1.9999999999999994e-08,0,0.0,ALERT
2026-03-27T07:36:00+01:00,0.6176,0.9211,0.2305,1.6e-07,2.0343,243.0,7.0,34.0,38.0,115.0,35.0,21.0,49.85,108.17,103.46,131.42,418.35,0.0,2e-08,5e-08,2e-08,7e-08,-5.0,-1.9999999999999994e-08,0,0.0,ALERT
2026-03-27T07:41:00+01:00,0.4762,0.7,0.203,1.6e-07,2.0417,271.0,7.0,42.0,50.0,124.0,35.0,20.0,53.93,118.33,104.1,161.81,438.04,0.0,2e-08,5e-08,2e-08,7e-08,28.0,0.0,0,0.0,ALERT
2026-03-27T07:46:00+01:00,0.4839,0.6829,0.1946,1.4e-07,1.9978,221.0,7.0,31.0,41.0,106.0,28.0,15.0,52.83,135.43,104.23,139.79,426.1,0.0,2e-08,5e-08,2e-08,5e-08,-50.0,-1.9999999999999994e-08,0,0.0,ALERT
2026-03-27T07:51:00+01:00,0.4359,0.7619,0.2094,1.4e-07,2.0629,234.0,7.0,39.0,42.0,104.0,32.0,17.0,51.59,118.23,101.89,152.75,421.44,0.0,2e-08,4e-08,2e-08,6e-08,13.0,0.0,0,0.0,ALERT
2026-03-27T07:56:00+01:00,0.7143,0.85,0.2428,1.7e-07,2.0845,243.0,7.0,35.0,40.0,109.0,34.0,25.0,55.36,121.46,100.91,147.05,396.99,0.0,2e-08,5e-08,2e-08,8e-08,9.0,2.999999999999998e-08,0,0.0,ALERT
2026-03-27T08:01:00+01:00,0.5405,0.7872,0.2271,1.5e-07,2.0793,251.0,8.0,37.0,47.0,110.0,37.0,20.0,49.39,112.46,100.08,153.9,384.46,0.0,2e-08,5e-08,2e-08,6e-08,8.0,-1.9999999999999994e-08,0,0.0,ALERT
2026-03-27T08:06:00+01:00,0.5625,0.8462,0.2257,1.4e-07,2.0481,226.0,8.0,32.0,39.0,104.0,33.0,18.0,55.38,120.87,100.24,160.6,399.09,0.0,2e-08,4e-08,2e-08,6e-08,-25.0,-9.999999999999984e-09,0,0.0,ALERT
2026-03-27T08:11:00+01:00,0.6667,0.9,0.2353,1.7e-07,2.0507,255.0,8.0,36.0,40.0,119.0,36.0,24.0,53.97,135.92,102.26,151.57,387.29,0.0,2e-08,5e-08,2e-08,8e-08,29.0,2.999999999999998e-08,0,0.0,ALERT
2026-03-27T08:16:00+01:00,0.4419,0.6786,0.1979,1.8e-07,2.0292,288.0,8.0,43.0,56.0,132.0,38.0,19.0,54.15,126.18,104.68,157.18,415.97,0.0,3e-08,6e-08,2e-08,7e-08,33.0,1.000000000000001e-08,0,0.0,ALERT
2026-03-27T08:21:00+01:00,0.3704,0.6269,0.184,2.1e-07,2.0192,337.0,8.0,54.0,67.0,154.0,42.0,20.0,52.48,120.06,104.78,153.86,430.79,1e-08,3e-08,7e-08,3e-08,7e-08,49.0,3.0000000000000004e-08,0,0.0,ALERT
2026-03-27T08:26:00+01:00,0.4038,0.8305,0.2121,2e-07,2.0436,330.0,8.0,52.0,59.0,149.0,49.0,21.0,53.14,122.95,97.81,151.7,404.91,1e-08,3e-08,6e-08,3e-08,7e-08,-7.0,-1.000000000000001e-08,0,0.0,ALERT
2026-03-27T08:31:00+01:00,0.5,0.8246,0.2118,2.2e-07,2.0208,340.0,8.0,50.0,57.0,161.0,47.0,25.0,52.02,119.97,104.61,140.79,373.4,1e-08,3e-08,7e-08,3e-08,8e-08,10.0,2.000000000000002e-08,0,0.0,ALERT
2026-03-27T08:36:00+01:00,0.3077,0.6613,0.1787,1.8e-07,1.9969,319.0,8.0,52.0,62.0,148.0,41.0,16.0,49.7,118.11,102.11,147.68,388.78,1e-08,3e-08,6e-08,3e-08,5e-08,-21.0,-4.0000000000000014e-08,0,0.0,ALERT
2026-03-27T08:41:00+01:00,0.3585,0.6825,0.1845,1.9e-07,1.9989,336.0,8.0,53.0,63.0,158.0,43.0,19.0,53.37,119.91,98.38,164.07,377.14,1e-08,3e-08,6e-08,3e-08,6e-08,17.0,1.000000000000001e-08,0,0.0,ALERT
2026-03-27T08:46:00+01:00,0.4792,0.6885,0.2,2.1e-07,2.0262,325.0,8.0,48.0,61.0,151.0,42.0,23.0,52.42,102.43,101.66,160.45,392.95,1e-08,3e-08,6e-08,3e-08,8e-08,-11.0,1.9999999999999994e-08,0,0.0,ALERT
2026-03-27T08:51:00+01:00,0.4694,0.7377,0.2054,2.2e-07,2.031,331.0,8.0,49.0,61.0,153.0,45.0,23.0,53.96,128.58,105.2,139.4,415.58,1e-08,3e-08,7e-08,3e-08,8e-08,6.0,1.000000000000001e-08,0,0.0,ALERT
2026-03-27T08:56:00+01:00,0.4615,0.8,0.2045,2.1e-07,2.0081,352.0,8.0,52.0,60.0,168.0,48.0,24.0,53.51,129.64,100.02,152.37,351.45,1e-08,3e-08,7e-08,3e-08,7e-08,21.0,-1.000000000000001e-08,0,0.0,ALERT
2026-03-27T09:01:00+01:00,0.5532,0.8462,0.2181,2.3e-07,2.0286,321.0,9.0,47.0,52.0,152.0,44.0,26.0,52.09,121.88,103.01,145.19,398.61,1e-08,3e-08,7e-08,3e-08,9e-08,-31.0,1.9999999999999994e-08,0,0.0,ALERT
2026-03-27T09:06:00+01:00,0.5116,0.8333,0.212,1.9e-07,2.0031,316.0,9.0,43.0,54.0,152.0,45.0,22.0,50.84,105.61,102.31,143.15,439.1,0.0,2e-08,6e-08,3e-08,8e-08,-5.0,-3.999999999999999e-08,0,0.0,ALERT
2026-03-27T09:11:00+01:00,0.4,0.629,0.1778,2e-07,1.9882,343.0,9.0,55.0,62.0,165.0,39.0,22.0,52.58,120.47,100.41,141.34,387.6,1e-08,3e-08,7e-08,2e-08,7e-08,27.0,9.999999999999984e-09,0,0.0,ALERT
2026-03-27T09:16:00+01:00,0.2958,0.716,0.1752,2.5e-07,1.9565,451.0,9.0,71.0,81.0,220.0,58.0,21.0,52.13,124.99,101.26,152.56,385.75,1e-08,4e-08,9e-08,4e-08,7e-08,108.0,5e-08,0,0.0,ALERT
2026-03-27T09:21:00+01:00,0.2698,0.6875,0.1782,2.3e-07,1.9774,404.0,9.0,63.0,80.0,189.0,55.0,17.0,52.41,123.97,99.85,154.97,406.32,1e-08,4e-08,8e-08,4e-08,6e-08,-47.0,-1.9999999999999994e-08,0,0.0,ALERT
2026-03-27T09:26:00+01:00,0.3971,0.7436,0.191,2.6e-07,1.9909,445.0,9.0,68.0,78.0,214.0,58.0,27.0,50.39,121.87,102.18,149.8,355.38,1e-08,4e-08,9e-08,4e-08,8e-08,41.0,3.0000000000000004e-08,0,0.0,ALERT
2026-03-27T09:31:00+01:00,0.3651,0.6579,0.1896,2.3e-07,2.0333,385.0,9.0,63.0,76.0,173.0,50.0,23.0,52.74,116.08,100.71,146.36,392.87,1e-08,4e-08,7e-08,3e-08,8e-08,-60.0,-3.0000000000000004e-08,0,0.0,ALERT
2026-03-27T09:36:00+01:00,0.403,0.6795,0.1891,2.5e-07,2.0123,423.0,9.0,67.0,78.0,198.0,53.0,27.0,52.41,116.76,102.51,148.86,412.82,1e-08,4e-08,8e-08,3e-08,9e-08,38.0,1.9999999999999994e-08,0,0.0,ALERT
2026-03-27T09:41:00+01:00,0.3714,0.6914,0.1903,2.6e-07,2.0216,431.0,9.0,70.0,81.0,198.0,56.0,26.0,50.93,127.03,102.12,162.51,437.32,1e-08,4e-08,8e-08,4e-08,9e-08,8.0,1.000000000000001e-08,0,0.0,ALERT
2026-03-27T09:46:00+01:00,0.3906,0.6154,0.1718,2.6e-07,1.9585,425.0,9.0,64.0,78.0,210.0,48.0,25.0,54.06,118.24,97.98,155.22,414.57,1e-08,4e-08,9e-08,3e-08,9e-08,-6.0,0.0,0,0.0,ALERT
2026-03-27T09:51:00+01:00,0.3235,0.6711,0.1772,2.3e-07,1.9884,412.0,9.0,68.0,76.0,195.0,51.0,22.0,52.52,119.42,104.29,151.14,402.07,1e-08,4e-08,8e-08,3e-08,7e-08,-13.0,-3.0000000000000004e-08,0,0.0,ALERT
2026-03-27T09:56:00+01:00,0.3571,0.6988,0.1882,2.6e-07,2.0084,441.0,9.0,70.0,83.0,205.0,58.0,25.0,55.56,115.56,103.91,151.82,404.66,1e-08,4e-08,9e-08,4e-08,8e-08,29.0,3.0000000000000004e-08,0,0.0,ALERT
2026-03-27T10:01:00+01:00,0.3239,0.622,0.1648,2.4e-07,1.9472,449.0,10.0,71.0,82.0,222.0,51.0,23.0,55.88,122.94,102.03,146.1,387.75,1e-08,4e-08,9e-08,3e-08,7e-08,8.0,-2.000000000000002e-08,0,0.0,ALERT
2026-03-27T10:06:00+01:00,0.4648,0.8171,0.2198,3e-07,2.0653,455.0,10.0,71.0,82.0,202.0,67.0,33.0,52.1,122.79,102.9,148.39,431.56,1e-08,4e-08,9e-08,4e-08,1.2e-07,6.0,6.000000000000001e-08,0,0.0,ALERT
2026-03-27T10:11:00+01:00,0.3611,0.6782,0.1889,2.7e-07,2.0194,450.0,10.0,72.0,87.0,206.0,59.0,26.0,50.92,114.15,104.67,158.28,395.43,1e-08,4e-08,9e-08,4e-08,9e-08,-5.0,-2.999999999999998e-08,0,0.0,ALERT
2026-03-27T10:16:00+01:00,0.3467,0.7065,0.1784,2.9e-07,1.9526,510.0,10.0,75.0,92.0,252.0,65.0,26.0,49.04,116.1,101.22,153.7,426.66,1e-08,4e-08,1.1e-07,4e-08,9e-08,60.0,1.9999999999999967e-08,0,0.0,ALERT
2026-03-27T10:21:00+01:00,0.2069,0.6263,0.1606,2.6e-07,1.9638,498.0,10.0,87.0,99.0,232.0,62.0,18.0,49.7,117.59,105.82,154.72,390.71,1e-08,5e-08,1e-07,4e-08,6e-08,-12.0,-2.999999999999998e-08,0,0.0,NORMAL
2026-03-27T10:26:00+01:00,0.31,0.625,0.1741,3.4e-07,1.9943,609.0,10.0,100.0,120.0,283.0,75.0,31.0,52.0,121.76,99.2,149.59,371.62,1e-08,6e-08,1.2e-07,5e-08,1e-07,111.0,7.999999999999998e-08,0,0.0,ALERT
2026-03-27T10:31:00+01:00,0.3372,0.6697,0.1841,3.3e-07,2.0008,554.0,10.0,86.0,109.0,257.0,73.0,29.0,53.27,121.8,101.61,154.12,395.76,1e-08,6e-08,1.1e-07,5e-08,1e-07,-55.0,-9.999999999999957e-09,0,0.0,ALERT
2026-03-27T10:36:00+01:00,0.271,0.6846,0.1759,3.8e-07,1.9752,671.0,10.0,107.0,130.0,316.0,89.0,29.0,50.13,123.15,99.07,150.97,436.19,1e-08,7e-08,1.3e-07,6e-08,1.1e-07,117.0,5e-08,0,0.0,ALERT
2026-03-27T10:41:00+01:00,0.2541,0.5655,0.1527,3.9e-07,1.9387,740.0,10.0,122.0,145.0,360.0,82.0,31.0,51.45,126.2,100.35,153.24,390.03,1e-08,8e-08,1.5e-07,5e-08,1e-07,69.0,1.000000000000001e-08,0,0.0,NORMAL
2026-03-27T10:46:00+01:00,0.2807,0.6288,0.1565,4e-07,1.9101,735.0,10.0,114.0,132.0,374.0,83.0,32.0,52.54,127.84,100.74,142.28,398.33,1e-08,7e-08,1.6e-07,5e-08,1.1e-07,-5.0,9.999999999999957e-09,0,0.0,WARNING
2026-03-27T10:51:00+01:00,0.2374,0.6375,0.1573,4.5e-07,1.9258,858.0,10.0,139.0,160.0,424.0,102.0,33.0,53.04,116.64,100.3,151.87,404.9,2e-08,8e-08,1.8e-07,6e-08,1.1e-07,123.0,5e-08,0,0.0,NORMAL
2026-03-27T10:56:00+01:00,0.1918,0.5523,0.1406,4.5e-07,1.9008,875.0,10.0,146.0,172.0,434.0,95.0,28.0,51.34,111.61,102.84,153.01,425.65,2e-08,8e-08,1.9e-07,6e-08,1e-07,17.0,0.0,0,0.0,NORMAL
2026-03-27T11:01:00+01:00,0.2389,0.5471,0.1488,5.8e-07,1.9284,1109.0,11.0,180.0,223.0,541.0,122.0,43.0,51.43,116.42,103.06,156.38,376.53,2e-08,1.1e-07,2.3e-07,8e-08,1.4e-07,234.0,1.2999999999999997e-07,0,0.0,NORMAL
2026-03-27T11:06:00+01:00,0.2,0.6027,0.1461,5.9e-07,1.8974,1191.0,11.0,195.0,224.0,598.0,135.0,39.0,50.1,120.45,100.93,145.7,405.46,2e-08,1.1e-07,2.5e-07,8e-08,1.3e-07,82.0,1.000000000000001e-08,0,0.0,NORMAL
2026-03-27T11:11:00+01:00,0.1707,0.5304,0.1393,6e-07,1.9146,1192.0,11.0,205.0,247.0,574.0,131.0,35.0,51.86,121.51,101.07,154.11,432.43,2e-08,1.3e-07,2.4e-07,8e-08,1.3e-07,1.0,1.000000000000001e-08,0,0.0,NORMAL
2026-03-27T11:16:00+01:00,0.2377,0.5637,0.1508,6.9e-07,1.9387,1320.0,11.0,223.0,259.0,639.0,146.0,53.0,50.22,114.84,99.76,156.94,415.65,2e-08,1.2e-07,2.7e-07,1e-07,1.8e-07,128.0,8.999999999999999e-08,0,0.0,NORMAL
2026-03-27T11:21:00+01:00,0.1909,0.5725,0.1421,6.7e-07,1.8976,1323.0,11.0,220.0,255.0,660.0,146.0,42.0,52.11,119.58,101.26,150.31,422.3,2e-08,1.3e-07,2.8e-07,9e-08,1.5e-07,3.0,-1.9999999999999914e-08,0,0.0,NORMAL
2026-03-27T11:26:00+01:00,0.2121,0.5949,0.152,7.1e-07,1.9283,1395.0,11.0,231.0,274.0,678.0,163.0,49.0,50.33,120.64,102.51,145.82,393.66,2e-08,1.4e-07,2.9e-07,1e-07,1.6e-07,72.0,3.9999999999999935e-08,0,0.0,NORMAL
2026-03-27T11:31:00+01:00,0.1915,0.5245,0.1349,7.4e-07,1.8818,1445.0,11.0,235.0,286.0,729.0,150.0,45.0,53.02,123.68,101.92,152.74,402.79,3e-08,1.5e-07,3.1e-07,1e-07,1.5e-07,50.0,3.000000000000003e-08,0,0.0,NORMAL
2026-03-27T11:36:00+01:00,0.2341,0.5859,0.1572,7.8e-07,1.9585,1482.0,11.0,252.0,297.0,700.0,174.0,59.0,51.63,122.46,102.55,150.94,386.02,3e-08,1.5e-07,3e-07,1.1e-07,1.9e-07,37.0,4.000000000000004e-08,0,0.0,NORMAL
2026-03-27T11:41:00+01:00,0.1667,0.5489,0.1397,7.7e-07,1.9082,1568.0,11.0,270.0,317.0,762.0,174.0,45.0,53.04,118.42,101.03,155.58,394.06,3e-08,1.6e-07,3.2e-07,1.1e-07,1.5e-07,86.0,-1.000000000000001e-08,0,0.0,NORMAL
2026-03-27T11:46:00+01:00,0.1673,0.5432,0.1399,7.7e-07,1.9043,1573.0,11.0,263.0,324.0,766.0,176.0,44.0,52.39,119.64,100.95,153.67,400.43,3e-08,1.6e-07,3.2e-07,1.1e-07,1.5e-07,5.0,0.0,0,0.0,NORMAL
2026-03-27T11:51:00+01:00,0.169,0.5576,0.1366,8.4e-07,1.8829,1698.0,11.0,284.0,330.0,852.0,184.0,48.0,52.33,119.9,102.17,154.54,389.39,3e-08,1.7e-07,3.6e-07,1.2e-07,1.6e-07,125.0,6.999999999999997e-08,0,0.0,NORMAL
2026-03-27T11:56:00+01:00,0.1672,0.5434,0.1392,8.5e-07,1.9088,1702.0,11.0,293.0,346.0,826.0,188.0,49.0,51.55,122.08,101.84,150.36,408.91,3e-08,1.8e-07,3.5e-07,1.2e-07,1.7e-07,4.0,1.000000000000001e-08,0,0.0,NORMAL
2026-03-27T12:01:00+01:00,0.1525,0.5339,0.1336,8.6e-07,1.8829,1752.0,12.0,295.0,354.0,869.0,189.0,45.0,51.04,120.53,101.18,151.61,414.34,3e-08,1.8e-07,3.7e-07,1.2e-07,1.6e-07,50.0,1.000000000000001e-08,0,0.0,NORMAL
2026-03-27T12:06:00+01:00,0.1634,0.5549,0.1363,8.8e-07,1.8855,1812.0,12.0,306.0,355.0,904.0,197.0,50.0,53.34,124.03,100.53,149.58,396.36,3e-08,1.8e-07,3.8e-07,1.2e-07,1.7e-07,60.0,2.000000000000002e-08,0,0.0,NORMAL
2026-03-27T12:11:00+01:00,0.1481,0.5402,0.1325,8.8e-07,1.8873,1834.0,12.0,324.0,361.0,906.0,195.0,48.0,52.77,119.67,101.28,152.71,399.81,4e-08,1.8e-07,3.8e-07,1.2e-07,1.6e-07,22.0,0.0,0,0.0,NORMAL
2026-03-27T12:16:00+01:00,0.1939,0.529,0.1408,9.9e-07,1.9167,1946.0,12.0,330.0,397.0,945.0,210.0,64.0,50.41,121.27,103.29,149.91,407.3,3e-08,2e-07,4.1e-07,1.3e-07,2.2e-07,112.0,1.1e-07,0,0.0,NORMAL
2026-03-27T12:21:00+01:00,0.1774,0.5733,0.1416,9.9e-07,1.8976,1956.0,12.0,327.0,382.0,970.0,219.0,58.0,52.97,121.8,102.51,149.76,418.84,4e-08,1.9e-07,4.2e-07,1.4e-07,2e-07,10.0,0.0,0,0.0,NORMAL
2026-03-27T12:26:00+01:00,0.1686,0.4964,0.1297,1.01e-06,1.8843,2027.0,12.0,344.0,413.0,1007.0,205.0,58.0,51.25,120.28,101.4,147.23,411.72,4e-08,2.1e-07,4.3e-07,1.3e-07,2e-07,71.0,2.000000000000002e-08,0,0.0,NORMAL
2026-03-27T12:31:00+01:00,0.1988,0.5107,0.1364,1.06e-06,1.9006,2082.0,12.0,347.0,421.0,1030.0,215.0,69.0,50.34,119.94,101.86,152.47,394.32,4e-08,2.1e-07,4.4e-07,1.4e-07,2.3e-07,55.0,4.9999999999999945e-08,0,0.0,NORMAL
2026-03-27T12:36:00+01:00,0.1402,0.4734,0.1239,1e-06,1.8842,2074.0,12.0,371.0,433.0,1013.0,205.0,52.0,51.4,123.25,100.77,149.63,405.5,4e-08,2.2e-07,4.3e-07,1.3e-07,1.8e-07,-8.0,-6.000000000000006e-08,0,0.0,NORMAL
2026-03-27T12:41:00+01:00,0.1593,0.5488,0.1358,1.08e-06,1.8906,2231.0,12.0,383.0,441.0,1104.0,242.0,61.0,50.96,120.68,102.55,149.22,398.34,4e-08,2.2e-07,4.7e-07,1.5e-07,2e-07,157.0,8.000000000000008e-08,0,0.0,NORMAL
2026-03-27T12:46:00+01:00,0.154,0.4846,0.127,1.06e-06,1.8845,2205.0,12.0,383.0,456.0,1086.0,221.0,59.0,49.08,122.3,99.45,150.62,397.97,4e-08,2.3e-07,4.5e-07,1.4e-07,2e-07,-26.0,-2.000000000000002e-08,0,0.0,NORMAL
2026-03-27T12:51:00+01:00,0.179,0.5846,0.1438,1.16e-06,1.9021,2337.0,12.0,391.0,455.0,1155.0,266.0,70.0,52.59,120.39,100.05,151.44,416.19,4e-08,2.3e-07,4.8e-07,1.7e-07,2.4e-07,132.0,9.999999999999989e-08,0,0.0,NORMAL
2026-03-27T12:56:00+01:00,0.1925,0.5614,0.1448,1.2e-06,1.9191,2362.0,12.0,400.0,472.0,1148.0,265.0,77.0,52.59,124.79,101.11,152.32,397.36,4e-08,2.5e-07,4.8e-07,1.7e-07,2.6e-07,25.0,4.000000000000004e-08,0,0.0,NORMAL
2026-03-27T13:01:00+01:00,0.1411,0.5073,0.1258,1.13e-06,1.8655,2392.0,13.0,411.0,479.0,1201.0,243.0,58.0,51.64,120.73,102.22,148.14,383.62,4e-08,2.4e-07,5.1e-07,1.5e-07,1.9e-07,30.0,-6.999999999999997e-08,0,0.0,NORMAL
2026-03-27T13:06:00+01:00,0.1799,0.5386,0.1355,1.22e-06,1.8889,2458.0,13.0,417.0,479.0,1229.0,258.0,75.0,50.91,122.84,102.08,145.65,404.66,4e-08,2.5e-07,5.2e-07,1.6e-07,2.5e-07,66.0,8.999999999999999e-08,0,0.0,NORMAL
2026-03-27T13:11:00+01:00,0.1392,0.5344,0.1309,1.2e-06,1.8793,2476.0,13.0,431.0,494.0,1227.0,264.0,60.0,52.43,121.58,103.5,153.16,398.25,5e-08,2.5e-07,5.3e-07,1.7e-07,2e-07,18.0,-2.000000000000002e-08,0,0.0,NORMAL
2026-03-27T13:16:00+01:00,0.1667,0.499,0.13,1.27e-06,1.8875,2584.0,13.0,444.0,525.0,1279.0,262.0,74.0,52.58,119.57,101.63,154.67,399.49,5e-08,2.6e-07,5.4e-07,1.7e-07,2.5e-07,108.0,6.999999999999997e-08,0,0.0,NORMAL
2026-03-27T13:21:00+01:00,0.181,0.5499,0.1384,1.3e-06,1.8923,2593.0,13.0,431.0,511.0,1292.0,281.0,78.0,50.84,123.58,101.55,152.11,404.25,5e-08,2.6e-07,5.5e-07,1.8e-07,2.6e-07,9.0,3.0000000000000136e-08,0,0.0,NORMAL
2026-03-27T13:26:00+01:00,0.1832,0.4945,0.1322,1.34e-06,1.9003,2677.0,13.0,464.0,544.0,1315.0,269.0,85.0,51.01,122.01,102.14,152.16,388.13,5e-08,2.8e-07,5.6e-07,1.7e-07,2.8e-07,84.0,4.000000000000004e-08,0,0.0,NORMAL
2026-03-27T13:31:00+01:00,0.1769,0.548,0.1369,1.34e-06,1.8896,2718.0,13.0,458.0,531.0,1357.0,291.0,81.0,52.44,119.15,102.27,151.41,397.12,5e-08,2.6e-07,5.8e-07,1.8e-07,2.7e-07,41.0,0.0,0,0.0,NORMAL
2026-03-27T13:36:00+01:00,0.1724,0.5535,0.1365,1.36e-06,1.8864,2747.0,13.0,464.0,533.0,1375.0,295.0,80.0,53.44,119.14,101.56,147.12,420.13,5e-08,2.7e-07,5.8e-07,1.8e-07,2.8e-07,29.0,1.999999999999981e-08,0,0.0,NORMAL
2026-03-27T13:41:00+01:00,0.1369,0.4845,0.1237,1.34e-06,1.8669,2813.0,13.0,482.0,582.0,1401.0,282.0,66.0,50.92,123.53,102.37,147.6,398.69,5e-08,3e-07,6e-07,1.7e-07,2.2e-07,66.0,-1.999999999999981e-08,0,0.0,NORMAL
2026-03-27T13:46:00+01:00,0.1481,0.5026,0.1272,1.36e-06,1.8728,2845.0,13.0,486.0,577.0,1420.0,290.0,72.0,50.66,120.74,101.56,146.99,401.9,5e-08,2.9e-07,6e-07,1.8e-07,2.4e-07,32.0,1.999999999999981e-08,0,0.0,NORMAL
2026-03-27T13:51:00+01:00,0.1366,0.5207,0.1303,1.41e-06,1.8804,2939.0,13.0,505.0,603.0,1448.0,314.0,69.0,52.01,123.57,102.46,150.29,404.47,5e-08,3.1e-07,6.2e-07,2e-07,2.3e-07,94.0,5.0000000000000157e-08,0,0.0,NORMAL
2026-03-27T13:56:00+01:00,0.1735,0.5525,0.1383,1.49e-06,1.8979,3001.0,13.0,513.0,590.0,1483.0,326.0,89.0,51.7,122.68,101.07,156.0,385.97,6e-08,3e-07,6.3e-07,2.1e-07,2.9e-07,62.0,7.999999999999987e-08,0,0.0,NORMAL
2026-03-27T14:01:00+01:00,0.166,0.5404,0.1363,1.49e-06,1.8948,3037.0,14.0,518.0,607.0,1498.0,328.0,86.0,50.44,120.95,100.96,151.95,410.64,5e-08,3.1e-07,6.3e-07,2.1e-07,2.9e-07,36.0,0.0,0,0.0,NORMAL
2026-03-27T14:06:00+01:00,0.1561,0.5152,0.1301,1.53e-06,1.8821,3113.0,14.0,538.0,623.0,1547.0,321.0,84.0,52.15,120.54,102.07,150.65,421.45,6e-08,3.1e-07,6.6e-07,2e-07,3e-07,76.0,4.000000000000004e-08,0,0.0,NORMAL
2026-03-27T14:11:00+01:00,0.1635,0.5106,0.1295,1.49e-06,1.8754,3074.0,14.0,520.0,613.0,1543.0,313.0,85.0,52.61,116.72,101.04,154.78,389.26,6e-08,3e-07,6.5e-07,2e-07,2.8e-07,-39.0,-4.000000000000004e-08,0,0.0,NORMAL
2026-03-27T14:16:00+01:00,0.1916,0.5463,0.1403,1.62e-06,1.9033,3272.0,14.0,548.0,648.0,1617.0,354.0,105.0,51.95,119.37,101.19,150.19,389.89,6e-08,3.2e-07,6.8e-07,2.2e-07,3.4e-07,198.0,1.3000000000000003e-07,0,0.0,NORMAL
2026-03-27T14:21:00+01:00,0.1551,0.5249,0.1339,1.58e-06,1.8953,3248.0,14.0,561.0,663.0,1589.0,348.0,87.0,52.22,122.5,100.78,156.55,380.11,6e-08,3.4e-07,6.7e-07,2.3e-07,2.8e-07,-24.0,-4.000000000000004e-08,0,0.0,NORMAL
2026-03-27T14:26:00+01:00,0.1744,0.5379,0.1378,1.64e-06,1.9048,3359.0,14.0,579.0,673.0,1644.0,362.0,101.0,52.06,119.86,101.25,152.15,381.7,6e-08,3.4e-07,6.9e-07,2.3e-07,3.2e-07,111.0,6.000000000000006e-08,0,0.0,NORMAL
2026-03-27T14:31:00+01:00,0.1874,0.5564,0.1429,1.72e-06,1.9131,3374.0,14.0,571.0,674.0,1647.0,375.0,107.0,52.44,120.78,101.77,150.36,425.11,6e-08,3.4e-07,7e-07,2.4e-07,3.8e-07,15.0,8.000000000000008e-08,0,0.0,NORMAL
2026-03-27T14:36:00+01:00,0.1858,0.523,0.1341,1.71e-06,1.8872,3429.0,14.0,576.0,675.0,1718.0,353.0,107.0,51.64,119.39,101.31,151.76,397.37,6e-08,3.4e-07,7.3e-07,2.2e-07,3.6e-07,55.0,-1.0000000000000116e-08,0,0.0,NORMAL
2026-03-27T14:41:00+01:00,0.1776,0.5262,0.1376,1.73e-06,1.9081,3475.0,14.0,597.0,707.0,1693.0,372.0,106.0,51.42,123.62,101.52,148.98,410.84,6e-08,3.6e-07,7.2e-07,2.3e-07,3.6e-07,46.0,2.000000000000002e-08,0,0.0,NORMAL
2026-03-27T14:46:00+01:00,0.1812,0.5423,0.1405,1.76e-06,1.9103,3510.0,14.0,596.0,710.0,1711.0,385.0,108.0,52.13,123.1,101.28,153.45,412.37,6e-08,3.6e-07,7.2e-07,2.5e-07,3.7e-07,35.0,3.0000000000000136e-08,0,0.0,NORMAL
2026-03-27T14:51:00+01:00,0.1661,0.5421,0.134,1.83e-06,1.8861,3663.0,14.0,632.0,712.0,1828.0,386.0,105.0,51.63,123.75,101.61,151.67,419.95,7e-08,3.7e-07,7.8e-07,2.4e-07,3.7e-07,153.0,6.999999999999997e-08,0,0.0,NORMAL
2026-03-27T14:56:00+01:00,0.174,0.582,0.1441,1.75e-06,1.9078,3498.0,14.0,592.0,689.0,1713.0,401.0,103.0,52.5,120.37,102.09,154.4,402.77,6e-08,3.5e-07,7.3e-07,2.6e-07,3.5e-07,-165.0,-8.000000000000008e-08,0,0.0,NORMAL
2026-03-27T15:01:00+01:00,0.1715,0.5458,0.1373,1.41e-06,1.8942,2862.0,15.0,484.0,568.0,1417.0,310.0,83.0,51.2,118.86,101.53,149.9,412.45,5e-08,2.8e-07,6e-07,1.9e-07,2.9e-07,-636.0,-3.399999999999999e-07,0,0.0,NORMAL
2026-03-27T15:06:00+01:00,0.1813,0.5391,0.1354,1.47e-06,1.8837,2947.0,15.0,491.0,575.0,1482.0,310.0,89.0,51.82,123.06,101.7,154.38,391.55,5e-08,3e-07,6.3e-07,2e-07,2.9e-07,85.0,5.999999999999985e-08,0,0.0,NORMAL
2026-03-27T15:11:00+01:00,0.1781,0.5248,0.1364,1.42e-06,1.8975,2881.0,15.0,483.0,585.0,1420.0,307.0,86.0,51.69,118.43,101.43,152.15,394.83,5e-08,2.9e-07,6e-07,2e-07,2.8e-07,-66.0,-4.9999999999999945e-08,0,0.0,NORMAL
2026-03-27T15:16:00+01:00,0.1902,0.5613,0.1428,1.47e-06,1.9072,2927.0,15.0,489.0,579.0,1441.0,325.0,93.0,52.74,123.34,101.35,149.56,403.05,5e-08,3e-07,6.1e-07,2e-07,3.1e-07,46.0,4.9999999999999945e-08,0,0.0,NORMAL
2026-03-27T15:21:00+01:00,0.1871,0.5638,0.141,1.52e-06,1.9035,3001.0,15.0,513.0,580.0,1485.0,327.0,96.0,50.38,120.71,101.96,152.2,422.51,5e-08,2.9e-07,6.3e-07,2.1e-07,3.4e-07,74.0,5.0000000000000157e-08,0,0.0,NORMAL
2026-03-27T15:26:00+01:00,0.1716,0.5707,0.139,1.57e-06,1.8885,3188.0,15.0,536.0,615.0,1594.0,351.0,92.0,52.98,123.4,100.53,150.88,388.1,6e-08,3.2e-07,6.7e-07,2.2e-07,3e-07,187.0,4.9999999999999945e-08,0,0.0,NORMAL
2026-03-27T15:31:00+01:00,0.1734,0.5625,0.1408,1.59e-06,1.9053,3161.0,15.0,542.0,624.0,1550.0,351.0,94.0,52.84,125.26,102.14,150.93,404.91,6e-08,3.3e-07,6.6e-07,2.2e-07,3.2e-07,-27.0,2.000000000000002e-08,0,0.0,NORMAL
2026-03-27T15:36:00+01:00,0.1692,0.5232,0.134,1.53e-06,1.8903,3105.0,15.0,526.0,625.0,1538.0,327.0,89.0,50.95,119.89,102.48,150.87,395.42,6e-08,3.1e-07,6.6e-07,2.1e-07,2.9e-07,-56.0,-6.000000000000006e-08,0,0.0,NORMAL
2026-03-27T15:41:00+01:00,0.1873,0.5515,0.1424,1.59e-06,1.9193,3168.0,15.0,550.0,631.0,1536.0,348.0,103.0,52.41,122.84,100.86,152.24,396.77,6e-08,3.2e-07,6.5e-07,2.2e-07,3.4e-07,63.0,6.000000000000006e-08,0,0.0,NORMAL
2026-03-27T15:46:00+01:00,0.1853,0.5469,0.1406,1.62e-06,1.9085,3208.0,15.0,545.0,640.0,1572.0,350.0,101.0,52.4,120.38,101.6,153.28,417.46,6e-08,3.2e-07,6.7e-07,2.2e-07,3.5e-07,40.0,2.9999999999999925e-08,0,0.0,NORMAL
2026-03-27T15:51:00+01:00,0.1661,0.532,0.1362,1.65e-06,1.8986,3312.0,15.0,566.0,671.0,1624.0,357.0,94.0,51.13,121.92,100.51,153.03,431.01,6e-08,3.4e-07,6.8e-07,2.3e-07,3.4e-07,104.0,3.0000000000000136e-08,0,0.0,NORMAL
2026-03-27T15:56:00+01:00,0.1838,0.5509,0.1384,1.65e-06,1.8958,3280.0,15.0,555.0,639.0,1632.0,352.0,102.0,51.06,123.55,102.2,153.0,398.2,6e-08,3.3e-07,7e-07,2.2e-07,3.4e-07,-32.0,0.0,0,0.0,NORMAL
2026-03-27T16:01:00+01:00,0.1836,0.5676,0.1442,1.67e-06,1.9126,3336.0,16.0,561.0,666.0,1628.0,378.0,103.0,51.04,119.78,100.79,155.31,389.97,6e-08,3.3e-07,6.9e-07,2.5e-07,3.4e-07,56.0,2.000000000000002e-08,0,0.0,NORMAL
2026-03-27T16:06:00+01:00,0.1707,0.544,0.1358,1.68e-06,1.8869,3410.0,16.0,574.0,671.0,1702.0,365.0,98.0,52.1,121.43,102.29,150.56,392.29,6e-08,3.4e-07,7.3e-07,2.3e-07,3.2e-07,74.0,9.999999999999904e-09,0,0.0,NORMAL
2026-03-27T16:11:00+01:00,0.1753,0.5386,0.1381,1.71e-06,1.9005,3411.0,16.0,576.0,687.0,1677.0,370.0,101.0,51.12,121.89,102.28,150.47,411.27,6e-08,3.5e-07,7.2e-07,2.3e-07,3.5e-07,1.0,2.9999999999999925e-08,0,0.0,NORMAL
2026-03-27T16:16:00+01:00,0.1972,0.5619,0.143,1.77e-06,1.9031,3489.0,16.0,573.0,687.0,1730.0,386.0,113.0,52.22,122.91,101.15,151.61,414.19,6e-08,3.5e-07,7.3e-07,2.4e-07,3.9e-07,78.0,6.000000000000006e-08,0,0.0,NORMAL
2026-03-27T16:21:00+01:00,0.2258,0.5879,0.1518,1.86e-06,1.9291,3563.0,16.0,589.0,694.0,1739.0,408.0,133.0,52.46,120.77,102.22,148.77,415.89,6e-08,3.5e-07,7.4e-07,2.5e-07,4.6e-07,74.0,8.999999999999999e-08,0,0.0,NORMAL
2026-03-27T16:26:00+01:00,0.1921,0.5373,0.1431,1.81e-06,1.9266,3537.0,16.0,609.0,724.0,1698.0,389.0,117.0,51.19,123.19,101.7,151.17,413.31,7e-08,3.7e-07,7.2e-07,2.5e-07,4e-07,-26.0,-4.9999999999999945e-08,0,0.0,NORMAL
2026-03-27T16:31:00+01:00,0.1977,0.5626,0.1422,1.82e-06,1.9056,3594.0,16.0,607.0,695.0,1781.0,391.0,120.0,51.39,124.01,100.79,152.61,392.89,7e-08,3.6e-07,7.5e-07,2.5e-07,3.9e-07,57.0,9.999999999999904e-09,0,0.0,NORMAL
2026-03-27T16:36:00+01:00,0.2055,0.5863,0.1475,1.9e-06,1.9144,3687.0,16.0,613.0,713.0,1817.0,418.0,126.0,53.42,123.84,101.76,150.96,410.19,7e-08,3.7e-07,7.7e-07,2.6e-07,4.3e-07,93.0,8.000000000000008e-08,0,0.0,NORMAL
2026-03-27T16:41:00+01:00,0.1974,0.5646,0.1463,1.9e-06,1.9199,3739.0,16.0,623.0,751.0,1818.0,424.0,123.0,51.86,121.76,101.17,150.55,397.07,7e-08,3.8e-07,7.7e-07,2.7e-07,4.1e-07,52.0,0.0,0,0.0,NORMAL
2026-03-27T16:46:00+01:00,0.2019,0.5648,0.1435,1.94e-06,1.9115,3791.0,16.0,644.0,733.0,1870.0,414.0,130.0,52.51,120.95,102.41,151.71,408.26,7e-08,3.7e-07,8e-07,2.6e-07,4.4e-07,52.0,4.000000000000004e-08,0,0.0,NORMAL
2026-03-27T16:51:00+01:00,0.2152,0.6053,0.1511,1.96e-06,1.9212,3793.0,16.0,632.0,722.0,1866.0,437.0,136.0,53.11,120.96,101.98,148.69,417.22,7e-08,3.6e-07,7.9e-07,2.7e-07,4.7e-07,2.0,1.999999999999981e-08,0,0.0,NORMAL
2026-03-27T16:56:00+01:00,0.2057,0.5513,0.1419,1.96e-06,1.9014,3827.0,16.0,627.0,751.0,1906.0,414.0,129.0,51.43,120.49,101.59,150.13,404.34,7e-08,3.8e-07,8.1e-07,2.6e-07,4.4e-07,34.0,0.0,0,0.0,NORMAL
2026-03-27T17:01:00+01:00,0.1741,0.5403,0.1391,2.14e-06,1.9057,4228.0,17.0,718.0,857.0,2065.0,463.0,125.0,51.51,121.72,103.02,152.24,420.11,8e-08,4.4e-07,8.9e-07,2.9e-07,4.4e-07,401.0,1.7999999999999997e-07,0,0.0,NORMAL
2026-03-27T17:06:00+01:00,0.2,0.5245,0.1371,2.19e-06,1.8952,4318.0,17.0,715.0,856.0,2155.0,449.0,143.0,52.66,121.11,101.5,154.19,398.05,8e-08,4.3e-07,9.1e-07,2.9e-07,4.8e-07,90.0,5.000000000000037e-08,0,0.0,NORMAL
2026-03-27T17:11:00+01:00,0.1928,0.534,0.1379,2.18e-06,1.8976,4314.0,17.0,721.0,854.0,2144.0,456.0,139.0,51.01,121.27,101.88,152.4,401.68,8e-08,4.3e-07,9.1e-07,2.9e-07,4.7e-07,-4.0,-1.0000000000000328e-08,0,0.0,NORMAL
2026-03-27T17:16:00+01:00,0.1867,0.5429,0.142,2.13e-06,1.917,4247.0,17.0,723.0,862.0,2059.0,468.0,135.0,51.77,120.4,100.89,153.82,399.79,8e-08,4.3e-07,8.7e-07,3e-07,4.5e-07,-67.0,-4.9999999999999945e-08,0,0.0,NORMAL
2026-03-27T17:21:00+01:00,0.1821,0.5293,0.1345,2.16e-06,1.8851,4335.0,17.0,725.0,852.0,2175.0,451.0,132.0,50.92,123.94,101.01,151.85,386.64,8e-08,4.4e-07,9.2e-07,2.9e-07,4.3e-07,88.0,3.0000000000000136e-08,0,0.0,NORMAL
2026-03-27T17:26:00+01:00,0.1687,0.5429,0.1351,2.2e-06,1.8835,4450.0,17.0,747.0,875.0,2227.0,475.0,126.0,51.26,123.23,100.2,156.07,406.45,8e-08,4.5e-07,9.3e-07,3.1e-07,4.3e-07,115.0,4.000000000000004e-08,0,0.0,NORMAL
2026-03-27T17:31:00+01:00,0.2021,0.5641,0.1439,2.28e-06,1.9095,4475.0,17.0,747.0,874.0,2210.0,493.0,151.0,51.45,120.66,100.75,152.67,410.04,8e-08,4.4e-07,9.3e-07,3.1e-07,5.2e-07,25.0,8.000000000000008e-08,0,0.0,NORMAL
2026-03-27T17:36:00+01:00,0.2,0.5604,0.1432,2.29e-06,1.9054,4546.0,17.0,750.0,894.0,2251.0,501.0,150.0,52.19,118.83,101.51,152.41,402.96,8e-08,4.4e-07,9.5e-07,3.2e-07,5e-07,71.0,9.999999999999904e-09,0,0.0,NORMAL
2026-03-27T17:41:00+01:00,0.171,0.5585,0.1395,2.29e-06,1.8992,4581.0,17.0,778.0,906.0,2258.0,506.0,133.0,51.99,124.39,101.66,153.93,404.63,8e-08,4.7e-07,9.6e-07,3.3e-07,4.5e-07,35.0,0.0,0,0.0,NORMAL
2026-03-27T17:46:00+01:00,0.1979,0.5547,0.1438,2.34e-06,1.914,4535.0,17.0,758.0,905.0,2220.0,502.0,150.0,50.68,123.32,101.38,155.0,421.31,8e-08,4.7e-07,9.4e-07,3.2e-07,5.3e-07,-46.0,4.9999999999999945e-08,0,0.0,NORMAL
2026-03-27T17:51:00+01:00,0.1731,0.5492,0.1374,2.28e-06,1.8915,4636.0,17.0,780.0,914.0,2305.0,502.0,135.0,51.5,120.51,101.52,147.26,402.53,8e-08,4.6e-07,9.8e-07,3.1e-07,4.5e-07,101.0,-5.999999999999985e-08,0,0.0,NORMAL
2026-03-27T17:56:00+01:00,0.1775,0.5598,0.1414,2.29e-06,1.9061,4624.0,17.0,783.0,920.0,2267.0,515.0,139.0,52.85,122.11,100.5,150.3,394.1,9e-08,4.7e-07,9.5e-07,3.2e-07,4.6e-07,-12.0,9.999999999999904e-09,0,0.0,NORMAL
2026-03-27T18:01:00+01:00,0.1658,0.5534,0.1366,2.34e-06,1.8878,4774.0,18.0,808.0,936.0,2378.0,518.0,134.0,51.44,119.48,101.58,152.79,390.32,9e-08,4.7e-07,1.01e-06,3.3e-07,4.4e-07,150.0,4.9999999999999945e-08,0,0.0,NORMAL
2026-03-27T18:06:00+01:00,0.1957,0.5484,0.1394,2.37e-06,1.8981,4686.0,18.0,787.0,910.0,2336.0,499.0,154.0,52.33,121.22,101.16,149.0,405.79,9e-08,4.6e-07,9.9e-07,3.1e-07,5.2e-07,-88.0,3.0000000000000136e-08,0,0.0,NORMAL
2026-03-27T18:11:00+01:00,0.1658,0.5475,0.1376,2.36e-06,1.8952,4739.0,18.0,802.0,948.0,2337.0,519.0,133.0,51.19,120.69,102.58,152.69,409.99,9e-08,4.8e-07,1e-06,3.3e-07,4.6e-07,53.0,-1.0000000000000328e-08,0,0.0,NORMAL
2026-03-27T18:16:00+01:00,0.2064,0.5719,0.1447,2.51e-06,1.9069,4892.0,18.0,809.0,946.0,2429.0,541.0,167.0,51.54,119.21,101.59,150.63,412.38,9e-08,4.7e-07,1.03e-06,3.4e-07,5.8e-07,153.0,1.5000000000000026e-07,0,0.0,NORMAL
2026-03-27T18:21:00+01:00,0.2084,0.5371,0.1407,2.51e-06,1.9068,4855.0,18.0,811.0,957.0,2404.0,514.0,169.0,51.93,122.93,102.41,148.49,407.53,9e-08,4.9e-07,1.03e-06,3.2e-07,5.8e-07,-37.0,0.0,0,0.0,NORMAL
2026-03-27T18:26:00+01:00,0.1936,0.5839,0.1492,2.52e-06,1.9274,4986.0,18.0,842.0,995.0,2405.0,581.0,163.0,52.81,122.18,101.13,152.18,393.02,9e-08,5.1e-07,1.02e-06,3.7e-07,5.3e-07,131.0,9.999999999999904e-09,0,0.0,NORMAL
2026-03-27T18:31:00+01:00,0.2078,0.5782,0.1478,2.51e-06,1.9195,4934.0,18.0,823.0,965.0,2417.0,558.0,171.0,51.67,122.07,101.27,151.46,394.83,9e-08,4.9e-07,1.02e-06,3.5e-07,5.6e-07,-52.0,-9.999999999999904e-09,0,0.0,NORMAL
2026-03-27T18:36:00+01:00,0.2024,0.5437,0.1387,2.53e-06,1.8958,4924.0,18.0,825.0,949.0,2467.0,516.0,167.0,50.97,121.44,102.4,154.0,417.68,9e-08,4.8e-07,1.05e-06,3.3e-07,5.8e-07,-10.0,1.999999999999981e-08,0,0.0,NORMAL
2026-03-27T18:41:00+01:00,0.1843,0.5604,0.1429,2.52e-06,1.911,4983.0,18.0,841.0,994.0,2436.0,557.0,155.0,51.61,119.33,101.86,151.81,413.45,9e-08,5e-07,1.04e-06,3.5e-07,5.4e-07,59.0,-9.999999999999904e-09,0,0.0,NORMAL
2026-03-27T18:46:00+01:00,0.2054,0.5575,0.1435,2.54e-06,1.9081,4914.0,18.0,813.0,965.0,2431.0,538.0,167.0,51.48,121.58,102.61,152.64,415.68,9e-08,4.9e-07,1.04e-06,3.4e-07,5.8e-07,-69.0,1.999999999999981e-08,0,0.0,NORMAL
2026-03-27T18:51:00+01:00,0.1859,0.5746,0.1454,2.55e-06,1.9167,5008.0,18.0,850.0,992.0,2438.0,570.0,158.0,52.3,120.19,101.89,150.83,425.49,9e-08,5e-07,1.04e-06,3.6e-07,5.6e-07,94.0,1.0000000000000328e-08,0,0.0,NORMAL
2026-03-27T18:56:00+01:00,0.2132,0.548,0.143,2.59e-06,1.91,5035.0,18.0,835.0,989.0,2491.0,542.0,178.0,51.47,120.23,101.48,155.19,398.17,9e-08,5e-07,1.06e-06,3.5e-07,5.9e-07,27.0,4.000000000000004e-08,0,0.0,NORMAL
2026-03-27T19:01:00+01:00,0.22,0.5769,0.1479,2.28e-06,1.9188,4450.0,19.0,741.0,858.0,2193.0,495.0,163.0,52.2,120.97,101.15,150.49,387.0,8e-08,4.3e-07,9.3e-07,3.1e-07,5.3e-07,-585.0,-3.1e-07,0,0.0,WARNING
2026-03-27T19:06:00+01:00,0.186,0.5445,0.1391,2.23e-06,1.8996,4422.0,19.0,742.0,876.0,2189.0,477.0,138.0,52.24,121.97,102.43,155.23,394.53,8e-08,4.5e-07,9.4e-07,3.1e-07,4.5e-07,-28.0,-5.000000000000037e-08,0,0.0,NORMAL
2026-03-27T19:11:00+01:00,0.2053,0.5426,0.1412,2.33e-06,1.9054,4519.0,19.0,750.0,892.0,2239.0,484.0,154.0,52.76,121.0,102.59,155.31,412.93,8e-08,4.5e-07,9.6e-07,3.1e-07,5.3e-07,97.0,1.0000000000000031e-07,0,0.0,NORMAL
2026-03-27T19:16:00+01:00,0.2133,0.6024,0.1508,2.27e-06,1.9207,4435.0,19.0,736.0,850.0,2180.0,512.0,157.0,51.54,121.91,102.49,154.23,380.16,8e-08,4.3e-07,9.3e-07,3.3e-07,5e-07,-84.0,-6.000000000000027e-08,0,0.0,NORMAL
2026-03-27T19:21:00+01:00,0.232,0.5785,0.1552,2.32e-06,1.9467,4382.0,19.0,724.0,885.0,2093.0,512.0,168.0,51.43,121.5,102.09,153.5,405.7,8e-08,4.5e-07,8.9e-07,3.3e-07,5.7e-07,-53.0,4.9999999999999945e-08,0,0.0,NORMAL
2026-03-27T19:26:00+01:00,0.234,0.6271,0.1589,2.4e-06,1.9408,4568.0,19.0,752.0,877.0,2213.0,550.0,176.0,51.08,123.64,101.92,152.47,392.37,8e-08,4.5e-07,9.4e-07,3.5e-07,5.8e-07,186.0,8.000000000000008e-08,0,0.0,WARNING
2026-03-27T19:31:00+01:00,0.2093,0.5749,0.1473,2.38e-06,1.9215,4589.0,19.0,774.0,894.0,2245.0,514.0,162.0,52.15,122.8,101.37,150.62,419.88,8e-08,4.6e-07,9.5e-07,3.2e-07,5.7e-07,21.0,-1.999999999999981e-08,0,0.0,NORMAL
2026-03-27T19:36:00+01:00,0.2097,0.5738,0.1461,2.41e-06,1.9153,4661.0,19.0,782.0,901.0,2297.0,517.0,164.0,50.69,120.81,102.8,150.7,410.81,8e-08,4.5e-07,9.9e-07,3.3e-07,5.6e-07,72.0,2.999999999999971e-08,0,0.0,NORMAL
2026-03-27T19:41:00+01:00,0.2246,0.562,0.1472,2.45e-06,1.921,4701.0,19.0,779.0,920.0,2310.0,517.0,175.0,51.91,117.6,101.63,151.38,419.2,8e-08,4.5e-07,9.8e-07,3.3e-07,6.1e-07,40.0,4.000000000000004e-08,0,0.0,NORMAL
2026-03-27T19:46:00+01:00,0.2163,0.5639,0.1471,2.36e-06,1.9241,4540.0,19.0,763.0,892.0,2217.0,503.0,165.0,51.24,122.73,102.42,151.37,401.48,8e-08,4.6e-07,9.5e-07,3.2e-07,5.5e-07,-161.0,-8.999999999999999e-08,0,0.0,NORMAL
2026-03-27T19:51:00+01:00,0.2463,0.5861,0.1529,2.48e-06,1.9257,4598.0,19.0,739.0,889.0,2267.0,521.0,182.0,50.77,121.46,102.36,154.49,421.03,8e-08,4.5e-07,9.7e-07,3.4e-07,6.4e-07,58.0,1.2000000000000012e-07,0,0.0,NORMAL
2026-03-27T19:56:00+01:00,0.249,0.6146,0.1575,2.49e-06,1.9364,4679.0,19.0,763.0,890.0,2289.0,547.0,190.0,50.73,123.16,101.28,150.57,402.08,8e-08,4.6e-07,9.7e-07,3.4e-07,6.4e-07,81.0,9.999999999999904e-09,0,0.0,WARNING
2026-03-27T20:01:00+01:00,0.2153,0.5831,0.1506,2.44e-06,1.924,4716.0,20.0,771.0,933.0,2302.0,544.0,166.0,52.09,121.38,101.86,153.26,404.75,8e-08,4.7e-07,9.8e-07,3.5e-07,5.6e-07,37.0,-4.9999999999999945e-08,0,0.0,NORMAL
2026-03-27T20:06:00+01:00,0.2228,0.5568,0.1466,2.42e-06,1.9193,4638.0,20.0,763.0,916.0,2279.0,510.0,170.0,51.7,121.69,101.69,154.08,400.21,8e-08,4.7e-07,9.7e-07,3.3e-07,5.7e-07,-78.0,-1.999999999999981e-08,0,0.0,NORMAL
2026-03-27T20:11:00+01:00,0.2107,0.5478,0.1442,2.4e-06,1.915,4659.0,20.0,769.0,931.0,2287.0,510.0,162.0,51.15,124.08,101.42,152.56,407.75,8e-08,4.8e-07,9.7e-07,3.2e-07,5.5e-07,21.0,-2.0000000000000232e-08,0,0.0,NORMAL
2026-03-27T20:16:00+01:00,0.2356,0.554,0.1486,2.65e-06,1.9322,4986.0,20.0,836.0,982.0,2427.0,544.0,197.0,51.65,122.69,102.33,152.1,406.72,9e-08,5e-07,1.04e-06,3.5e-07,6.7e-07,327.0,2.5000000000000015e-07,0,0.0,WARNING
2026-03-27T20:21:00+01:00,0.2383,0.5954,0.1545,2.45e-06,1.934,4707.0,20.0,772.0,912.0,2296.0,543.0,184.0,51.98,120.9,101.22,149.11,390.99,8e-08,4.6e-07,9.7e-07,3.4e-07,6e-07,-279.0,-2.000000000000002e-07,0,0.0,WARNING
2026-03-27T20:26:00+01:00,0.252,0.5697,0.1545,2.44e-06,1.9453,4564.0,20.0,754.0,904.0,2201.0,515.0,190.0,52.48,120.62,101.72,153.2,404.23,8e-08,4.6e-07,9.3e-07,3.3e-07,6.4e-07,-143.0,-9.999999999999904e-09,0,0.0,WARNING
2026-03-27T20:31:00+01:00,0.2274,0.5962,0.1496,2.51e-06,1.9137,4798.0,20.0,787.0,904.0,2389.0,539.0,179.0,51.99,119.97,102.27,153.72,400.27,9e-08,4.5e-07,1.02e-06,3.5e-07,6e-07,234.0,7.000000000000018e-08,0,0.0,WARNING
2026-03-27T20:36:00+01:00,0.2513,0.6033,0.1577,2.5e-06,1.9403,4692.0,20.0,760.0,910.0,2282.0,549.0,191.0,51.66,120.82,100.87,148.73,411.97,8e-08,4.6e-07,9.6e-07,3.4e-07,6.6e-07,-106.0,-9.999999999999904e-09,0,0.0,WARNING
2026-03-27T20:41:00+01:00,0.216,0.5829,0.1502,2.33e-06,1.9258,4522.0,20.0,750.0,887.0,2206.0,517.0,162.0,53.1,123.55,101.03,150.99,395.38,8e-08,4.6e-07,9.3e-07,3.3e-07,5.3e-07,-170.0,-1.7000000000000007e-07,0,0.0,NORMAL
2026-03-27T20:46:00+01:00,0.2551,0.634,0.1622,2.41e-06,1.948,4512.0,20.0,737.0,858.0,2185.0,544.0,188.0,51.47,119.19,102.34,156.71,387.94,8e-08,4.3e-07,9.3e-07,3.6e-07,6.1e-07,-10.0,7.999999999999966e-08,0,0.0,WARNING
2026-03-27T20:51:00+01:00,0.2257,0.5923,0.1538,2.27e-06,1.9383,4370.0,20.0,731.0,856.0,2111.0,507.0,165.0,51.0,123.66,101.51,151.72,395.27,8e-08,4.4e-07,8.9e-07,3.2e-07,5.4e-07,-142.0,-1.3999999999999993e-07,0,0.0,WARNING
2026-03-27T20:56:00+01:00,0.2588,0.6281,0.1613,2.18e-06,1.9417,4074.0,20.0,653.0,777.0,1987.0,488.0,169.0,52.56,123.51,100.52,152.21,404.21,7e-08,4e-07,8.3e-07,3.1e-07,5.7e-07,-296.0,-8.999999999999999e-08,0,0.0,WARNING
2026-03-27T21:01:00+01:00,0.3116,0.7065,0.1774,1.71e-06,1.9664,3032.0,21.0,475.0,552.0,1467.0,390.0,148.0,51.08,120.86,102.05,154.3,404.51,5e-08,2.8e-07,6.3e-07,2.5e-07,5e-07,-1042.0,-4.6999999999999995e-07,0,0.0,ALERT
2026-03-27T21:06:00+01:00,0.321,0.6863,0.1802,1.61e-06,1.9868,2880.0,21.0,458.0,542.0,1361.0,372.0,147.0,52.84,121.15,102.06,150.03,395.09,5e-08,2.7e-07,5.8e-07,2.3e-07,4.8e-07,-152.0,-9.999999999999989e-08,0,0.0,ALERT
2026-03-27T21:11:00+01:00,0.3197,0.7007,0.1806,1.65e-06,1.9809,2945.0,21.0,463.0,548.0,1402.0,384.0,148.0,52.19,120.05,100.63,152.14,407.16,5e-08,2.7e-07,5.9e-07,2.4e-07,5e-07,65.0,4.000000000000004e-08,0,0.0,ALERT
2026-03-27T21:16:00+01:00,0.3656,0.6745,0.1811,1.74e-06,1.9846,2988.0,21.0,465.0,550.0,1432.0,371.0,170.0,52.22,121.35,99.56,153.36,398.95,5e-08,2.8e-07,6e-07,2.4e-07,5.7e-07,43.0,8.999999999999999e-08,0,0.0,ALERT
2026-03-27T21:21:00+01:00,0.3527,0.6769,0.1778,1.69e-06,1.9726,2879.0,21.0,448.0,523.0,1396.0,354.0,158.0,52.09,122.23,103.21,155.09,405.83,5e-08,2.7e-07,6e-07,2.3e-07,5.4e-07,-109.0,-5.0000000000000157e-08,0,0.0,ALERT
2026-03-27T21:26:00+01:00,0.3333,0.6788,0.1774,1.59e-06,1.9761,2829.0,21.0,447.0,520.0,1360.0,353.0,149.0,53.13,120.06,99.39,150.61,405.53,5e-08,2.6e-07,5.6e-07,2.2e-07,5e-07,-50.0,-9.999999999999989e-08,0,0.0,ALERT
2026-03-27T21:31:00+01:00,0.3423,0.7112,0.1828,1.65e-06,1.9832,2844.0,21.0,447.0,516.0,1361.0,367.0,153.0,51.94,121.04,102.51,153.45,409.5,5e-08,2.6e-07,5.8e-07,2.4e-07,5.2e-07,15.0,6.000000000000006e-08,0,0.0,ALERT
2026-03-27T21:36:00+01:00,0.3697,0.7183,0.1864,1.6e-06,1.984,2779.0,21.0,422.0,504.0,1335.0,362.0,156.0,53.23,121.32,100.15,150.3,382.29,5e-08,2.6e-07,5.6e-07,2.3e-07,5e-07,-65.0,-5.0000000000000157e-08,0,0.0,ALERT
2026-03-27T21:41:00+01:00,0.3872,0.6829,0.1864,1.63e-06,1.9956,2758.0,21.0,421.0,514.0,1309.0,351.0,163.0,51.5,120.04,101.95,152.33,395.08,5e-08,2.6e-07,5.6e-07,2.2e-07,5.4e-07,-21.0,3.0000000000000136e-08,0,0.0,ALERT
2026-03-27T21:46:00+01:00,0.3424,0.7277,0.1918,1.45e-06,2.0132,2550.0,21.0,406.0,481.0,1174.0,350.0,139.0,52.3,121.64,100.55,149.69,394.64,4e-08,2.4e-07,4.9e-07,2.2e-07,4.6e-07,-208.0,-1.7999999999999997e-07,0,0.0,ALERT
2026-03-27T21:51:00+01:00,0.3795,0.7537,0.1942,1.61e-06,2.0066,2677.0,21.0,419.0,479.0,1259.0,361.0,159.0,51.99,121.11,103.07,148.9,422.7,5e-08,2.4e-07,5.4e-07,2.2e-07,5.6e-07,127.0,1.5999999999999995e-07,0,0.0,ALERT
2026-03-27T21:56:00+01:00,0.4116,0.7403,0.1982,1.52e-06,2.0146,2512.0,21.0,379.0,462.0,1173.0,342.0,156.0,52.0,122.77,100.81,150.77,406.64,4e-08,2.4e-07,4.9e-07,2.2e-07,5.3e-07,-165.0,-8.999999999999999e-08,0,0.0,ALERT
2026-03-27T22:01:00+01:00,0.4233,0.7689,0.1965,1.56e-06,1.9918,2575.0,22.0,378.0,450.0,1241.0,346.0,160.0,50.07,123.66,100.71,155.83,403.42,4e-08,2.3e-07,5.2e-07,2.3e-07,5.4e-07,63.0,4.000000000000004e-08,0,0.0,ALERT
2026-03-27T22:06:00+01:00,0.3963,0.7495,0.1982,1.47e-06,2.0166,2482.0,22.0,381.0,455.0,1154.0,341.0,151.0,52.89,122.91,102.46,152.0,392.07,4e-08,2.3e-07,4.9e-07,2.2e-07,4.9e-07,-93.0,-9.00000000000002e-08,0,0.0,ALERT
2026-03-27T22:11:00+01:00,0.3929,0.7352,0.192,1.47e-06,1.9946,2422.0,22.0,364.0,438.0,1155.0,322.0,143.0,52.29,119.99,102.9,152.23,425.16,4e-08,2.2e-07,5e-07,2e-07,5.1e-07,-60.0,0.0,0,0.0,ALERT
2026-03-27T22:16:00+01:00,0.459,0.7953,0.2054,1.57e-06,2.0126,2483.0,22.0,366.0,430.0,1177.0,342.0,168.0,53.69,125.04,103.12,154.82,411.25,4e-08,2.2e-07,5.1e-07,2.2e-07,5.8e-07,61.0,1.000000000000001e-07,0,0.0,ALERT
2026-03-27T22:21:00+01:00,0.4781,0.8205,0.2118,1.55e-06,2.025,2488.0,22.0,366.0,429.0,1166.0,352.0,175.0,52.51,123.58,101.44,150.68,397.94,4e-08,2.2e-07,4.9e-07,2.2e-07,5.8e-07,5.0,-2.000000000000002e-08,0,0.0,ALERT
2026-03-27T22:26:00+01:00,0.4282,0.8037,0.2032,1.54e-06,2.0102,2539.0,22.0,383.0,438.0,1202.0,352.0,164.0,51.24,120.91,101.16,151.95,398.6,4e-08,2.2e-07,5.1e-07,2.2e-07,5.5e-07,51.0,-9.999999999999904e-09,0,0.0,ALERT
2026-03-27T22:31:00+01:00,0.4574,0.7748,0.2058,1.59e-06,2.0279,2531.0,22.0,387.0,444.0,1179.0,344.0,177.0,52.11,122.97,101.49,153.0,405.45,4e-08,2.3e-07,5e-07,2.2e-07,6e-07,-8.0,4.9999999999999945e-08,0,0.0,ALERT
2026-03-27T22:36:00+01:00,0.4495,0.7685,0.2021,1.54e-06,2.0122,2528.0,22.0,376.0,445.0,1196.0,342.0,169.0,52.33,120.23,100.15,156.3,396.46,4e-08,2.2e-07,5e-07,2.2e-07,5.6e-07,-3.0,-4.9999999999999945e-08,0,0.0,ALERT
2026-03-27T22:41:00+01:00,0.4377,0.7201,0.2,1.47e-06,2.0254,2385.0,22.0,361.0,443.0,1104.0,319.0,158.0,52.75,124.89,100.95,153.8,402.58,4e-08,2.3e-07,4.7e-07,2e-07,5.3e-07,-143.0,-7.000000000000018e-08,0,0.0,ALERT
2026-03-27T22:46:00+01:00,0.4906,0.8314,0.2181,1.6e-06,2.0429,2508.0,22.0,371.0,439.0,1151.0,365.0,182.0,52.45,121.6,101.01,151.61,408.23,4e-08,2.2e-07,4.9e-07,2.3e-07,6.2e-07,123.0,1.3000000000000003e-07,0,0.0,ALERT
2026-03-27T22:51:00+01:00,0.4961,0.7956,0.2098,1.67e-06,2.0225,2641.0,22.0,387.0,455.0,1245.0,362.0,192.0,52.17,120.07,101.01,152.96,401.87,4e-08,2.3e-07,5.3e-07,2.3e-07,6.4e-07,133.0,7.000000000000018e-08,0,0.0,ALERT
2026-03-27T22:56:00+01:00,0.4986,0.8507,0.2162,1.59e-06,2.028,2507.0,22.0,367.0,422.0,1176.0,359.0,183.0,51.5,123.24,101.72,152.42,391.88,4e-08,2.2e-07,5e-07,2.3e-07,6e-07,-134.0,-8.000000000000008e-08,0,0.0,ALERT
2026-03-27T23:01:00+01:00,0.8962,1.1481,0.2977,1.07e-06,2.14,1384.0,23.0,183.0,216.0,573.0,248.0,164.0,51.79,118.79,99.22,154.72,390.96,2e-08,1.1e-07,2.4e-07,1.6e-07,5.4e-07,-1123.0,-5.200000000000001e-07,0,0.0,ALERT
2026-03-27T23:06:00+01:00,0.9815,1.2021,0.296,1.05e-06,2.1074,1321.0,23.0,162.0,193.0,575.0,232.0,159.0,51.61,119.79,100.64,154.13,410.34,2e-08,1e-07,2.4e-07,1.5e-07,5.4e-07,-63.0,-2.000000000000002e-08,0,0.0,ALERT
2026-03-27T23:11:00+01:00,0.9302,1.1287,0.2845,1.06e-06,2.0996,1364.0,23.0,172.0,202.0,602.0,228.0,160.0,53.34,119.1,102.45,148.85,406.65,2e-08,1e-07,2.6e-07,1.4e-07,5.4e-07,43.0,1.0000000000000116e-08,0,0.0,ALERT
2026-03-27T23:16:00+01:00,1.1159,1.2821,0.32,1.15e-06,2.1389,1353.0,23.0,164.0,195.0,561.0,250.0,183.0,48.37,126.47,101.24,149.88,410.33,2e-08,1e-07,2.4e-07,1.6e-07,6.3e-07,-11.0,8.999999999999999e-08,0,0.0,ALERT
2026-03-27T23:21:00+01:00,0.9059,1.1948,0.2894,1.25e-06,2.1037,1586.0,23.0,202.0,231.0,694.0,276.0,183.0,51.72,120.4,101.75,153.64,418.67,2e-08,1.2e-07,2.9e-07,1.8e-07,6.4e-07,233.0,1.000000000000001e-07,0,0.0,ALERT
2026-03-27T23:26:00+01:00,0.9647,1.1028,0.2915,1.09e-06,2.1184,1372.0,23.0,170.0,214.0,588.0,236.0,164.0,53.09,121.68,102.5,150.07,408.64,2e-08,1.1e-07,2.5e-07,1.5e-07,5.6e-07,-214.0,-1.6000000000000016e-07,0,0.0,ALERT
2026-03-27T23:31:00+01:00,0.9081,1.1507,0.2867,1.11e-06,2.1037,1465.0,23.0,185.0,219.0,641.0,252.0,168.0,52.76,121.41,102.16,152.33,395.2,2e-08,1.1e-07,2.7e-07,1.6e-07,5.5e-07,93.0,2.000000000000002e-08,0,0.0,ALERT
2026-03-27T23:36:00+01:00,0.9531,1.2963,0.3034,1.2e-06,2.1151,1526.0,23.0,192.0,216.0,655.0,280.0,183.0,49.63,121.44,99.84,145.29,409.53,2e-08,1.1e-07,2.7e-07,1.7e-07,6.3e-07,61.0,8.999999999999999e-08,0,0.0,ALERT
2026-03-27T23:41:00+01:00,0.8191,1.0905,0.2759,1.12e-06,2.1016,1508.0,23.0,199.0,232.0,661.0,253.0,163.0,48.7,127.24,99.63,148.7,404.66,2e-08,1.2e-07,2.7e-07,1.6e-07,5.5e-07,-18.0,-7.999999999999987e-08,0,0.0,ALERT
2026-03-27T23:46:00+01:00,1.2485,1.4365,0.3375,1.25e-06,2.1356,1449.0,23.0,165.0,197.0,598.0,283.0,206.0,52.75,122.43,100.36,148.13,404.85,2e-08,1e-07,2.5e-07,1.8e-07,7e-07,-59.0,1.3000000000000003e-07,0,0.0,ALERT
2026-03-27T23:51:00+01:00,1.0778,1.2419,0.3073,1.25e-06,2.1174,1500.0,23.0,180.0,215.0,644.0,267.0,194.0,51.03,124.17,102.75,150.27,412.62,2e-08,1.1e-07,2.8e-07,1.7e-07,6.7e-07,51.0,0.0,0,0.0,ALERT
2026-03-27T23:56:00+01:00,1.0695,1.2557,0.307,1.25e-06,2.1158,1547.0,23.0,187.0,219.0,666.0,275.0,200.0,49.33,127.36,100.97,152.67,388.58,2e-08,1.2e-07,2.8e-07,1.8e-07,6.5e-07,47.0,0.0,0,0.0,ALERT
2026-03-28T00:01:00+01:00,1.0449,1.181,0.3035,1.19e-06,2.1229,1473.0,0.0,178.0,221.0,627.0,261.0,186.0,50.25,116.75,101.96,148.13,407.8,2e-08,1.1e-07,2.7e-07,1.6e-07,6.3e-07,-74.0,-6.000000000000006e-08,0,0.0,ALERT
2026-03-28T00:06:00+01:00,0.9337,1.1255,0.2939,1.2e-06,2.1265,1538.0,0.0,196.0,239.0,651.0,269.0,183.0,52.53,122.07,101.85,151.29,398.18,2e-08,1.2e-07,2.8e-07,1.7e-07,6.1e-07,65.0,9.999999999999904e-09,0,0.0,ALERT
2026-03-28T00:11:00+01:00,0.9442,1.2179,0.2907,1.27e-06,2.0927,1620.0,0.0,197.0,234.0,718.0,285.0,186.0,52.45,121.93,102.75,154.24,411.0,2e-08,1.2e-07,3.1e-07,1.8e-07,6.4e-07,82.0,6.999999999999997e-08,0,0.0,ALERT
2026-03-28T00:16:00+01:00,0.9814,1.249,0.301,1.38e-06,2.1131,1734.0,0.0,215.0,249.0,748.0,311.0,211.0,50.86,120.79,100.5,152.31,408.88,2e-08,1.3e-07,3.1e-07,2e-07,7.2e-07,114.0,1.1e-07,0,0.0,ALERT
2026-03-28T00:21:00+01:00,1.0699,1.2743,0.3076,1.29e-06,2.1104,1583.0,0.0,186.0,226.0,684.0,288.0,199.0,51.47,120.44,103.05,154.18,408.11,2e-08,1.1e-07,2.9e-07,1.9e-07,6.8e-07,-151.0,-8.999999999999999e-08,0,0.0,ALERT
2026-03-28T00:26:00+01:00,1.0749,1.2731,0.3043,1.27e-06,2.1038,1564.0,0.0,187.0,216.0,685.0,275.0,201.0,50.94,115.93,103.4,157.78,397.05,2e-08,1e-07,3e-07,1.8e-07,6.7e-07,-19.0,-2.000000000000002e-08,0,0.0,ALERT
2026-03-28T00:31:00+01:00,1.0615,1.3244,0.3188,1.3e-06,2.1354,1584.0,0.0,195.0,225.0,659.0,298.0,207.0,53.78,123.58,100.18,150.45,401.35,2e-08,1.2e-07,2.8e-07,1.9e-07,6.9e-07,20.0,3.0000000000000136e-08,0,0.0,ALERT
2026-03-28T00:36:00+01:00,1.1768,1.3455,0.3271,1.32e-06,2.1348,1556.0,0.0,181.0,220.0,646.0,296.0,213.0,51.75,123.59,100.98,151.0,411.34,2e-08,1.1e-07,2.7e-07,1.9e-07,7.3e-07,-28.0,2.000000000000002e-08,0,0.0,ALERT
2026-03-28T00:41:00+01:00,1.2102,1.4703,0.3312,1.31e-06,2.1197,1540.0,0.0,176.0,202.0,652.0,297.0,213.0,51.97,120.02,101.6,152.55,403.85,2e-08,1e-07,2.8e-07,1.9e-07,7.2e-07,-16.0,-1.0000000000000116e-08,0,0.0,ALERT
2026-03-28T00:46:00+01:00,1.2384,1.318,0.3316,1.26e-06,2.1424,1505.0,0.0,172.0,217.0,617.0,286.0,213.0,52.02,120.68,102.78,152.8,386.04,2e-08,1.1e-07,2.6e-07,1.8e-07,6.9e-07,-35.0,-4.9999999999999945e-08,0,0.0,ALERT
2026-03-28T00:51:00+01:00,1.1604,1.4252,0.3273,1.31e-06,2.1247,1595.0,0.0,187.0,214.0,672.0,305.0,217.0,51.04,123.9,101.25,148.45,390.81,2e-08,1.1e-07,2.8e-07,1.9e-07,7.1e-07,90.0,4.9999999999999945e-08,0,0.0,ALERT
2026-03-28T00:56:00+01:00,1.3354,1.5348,0.3431,1.25e-06,2.1231,1463.0,0.0,161.0,187.0,613.0,287.0,215.0,53.56,115.22,100.82,152.3,389.47,2e-08,9e-08,2.6e-07,1.8e-07,7e-07,-132.0,-5.999999999999985e-08,0,0.0,ALERT
2026-03-28T01:01:00+01:00,1.7686,1.8936,0.3857,1.17e-06,2.1228,1247.0,1.0,121.0,141.0,504.0,267.0,214.0,54.16,122.83,99.55,152.1,398.86,1e-08,7e-08,2.1e-07,1.7e-07,7.1e-07,-216.0,-8.000000000000008e-08,0,0.0,ALERT
2026-03-28T01:06:00+01:00,1.5493,1.7468,0.3772,1.23e-06,2.1477,1315.0,1.0,142.0,158.0,519.0,276.0,220.0,52.88,127.73,101.5,147.22,401.21,2e-08,8e-08,2.2e-07,1.7e-07,7.4e-07,68.0,6.000000000000006e-08,0,0.0,ALERT
2026-03-28T01:11:00+01:00,1.554,1.725,0.3713,1.22e-06,2.136,1325.0,1.0,139.0,160.0,534.0,276.0,216.0,53.27,120.36,103.12,152.92,394.81,2e-08,8e-08,2.3e-07,1.8e-07,7.1e-07,10.0,-1.0000000000000116e-08,0,0.0,ALERT
2026-03-28T01:16:00+01:00,1.8629,2.0952,0.4071,1.25e-06,2.1309,1324.0,1.0,124.0,147.0,514.0,308.0,231.0,50.65,122.43,101.93,150.19,387.34,1e-08,8e-08,2.2e-07,1.9e-07,7.5e-07,-1.0,3.0000000000000136e-08,0,0.0,ALERT
2026-03-28T01:21:00+01:00,1.7319,1.8261,0.3925,1.34e-06,2.149,1358.0,1.0,138.0,161.0,526.0,294.0,239.0,50.21,116.4,102.52,154.74,413.57,1e-08,8e-08,2.3e-07,1.9e-07,8.3e-07,34.0,8.999999999999999e-08,0,0.0,ALERT
2026-03-28T01:26:00+01:00,1.6471,1.6488,0.3773,1.26e-06,2.1482,1328.0,1.0,136.0,168.0,523.0,277.0,224.0,54.37,123.56,101.69,156.03,401.6,2e-08,9e-08,2.2e-07,1.8e-07,7.5e-07,-30.0,-8.000000000000008e-08,0,0.0,ALERT
2026-03-28T01:31:00+01:00,1.9244,1.9375,0.3997,1.24e-06,2.1311,1271.0,1.0,119.0,144.0,500.0,279.0,229.0,51.11,119.82,100.96,149.2,407.56,1e-08,7e-08,2.1e-07,1.7e-07,7.8e-07,-57.0,-2.000000000000002e-08,0,0.0,ALERT
2026-03-28T01:36:00+01:00,1.6449,1.8333,0.3797,1.26e-06,2.1287,1380.0,1.0,138.0,162.0,556.0,297.0,227.0,50.48,119.94,101.79,150.93,387.78,1e-08,8e-08,2.4e-07,1.9e-07,7.4e-07,109.0,2.000000000000002e-08,0,0.0,ALERT
2026-03-28T01:41:00+01:00,1.685,1.9571,0.3812,1.18e-06,2.1147,1280.0,1.0,127.0,140.0,525.0,274.0,214.0,53.44,124.83,100.45,153.76,392.31,1e-08,7e-08,2.2e-07,1.8e-07,7e-07,-100.0,-8.000000000000008e-08,0,0.0,ALERT
2026-03-28T01:46:00+01:00,1.8095,2.0473,0.3951,1.28e-06,2.118,1344.0,1.0,126.0,148.0,539.0,303.0,228.0,51.15,120.97,102.27,146.94,411.66,1e-08,7e-08,2.3e-07,1.9e-07,7.8e-07,64.0,1.000000000000001e-07,0,0.0,ALERT
2026-03-28T01:51:00+01:00,2.041,2.1259,0.4164,1.34e-06,2.1326,1328.0,1.0,122.0,143.0,510.0,304.0,249.0,52.45,124.66,102.4,152.97,407.59,1e-08,7e-08,2.2e-07,1.9e-07,8.5e-07,-16.0,6.000000000000006e-08,0,0.0,ALERT
2026-03-28T01:56:00+01:00,2.1261,2.1357,0.4259,1.33e-06,2.142,1296.0,1.0,119.0,140.0,485.0,299.0,253.0,51.02,119.9,100.98,152.6,407.14,1e-08,7e-08,2e-07,1.9e-07,8.6e-07,-32.0,-1.0000000000000116e-08,0,0.0,ALERT
2026-03-28T02:01:00+01:00,2.3238,2.2812,0.4361,1.27e-06,2.1295,1229.0,2.0,105.0,128.0,460.0,292.0,244.0,49.91,119.91,101.62,148.16,400.99,1e-08,6e-08,2e-07,1.8e-07,8.2e-07,-67.0,-6.000000000000006e-08,0,0.0,ALERT
2026-03-28T02:06:00+01:00,2.0603,2.0775,0.407,1.29e-06,2.1174,1312.0,2.0,116.0,142.0,520.0,295.0,239.0,51.55,121.5,100.36,153.67,398.88,1e-08,7e-08,2.2e-07,1.9e-07,8e-07,83.0,2.000000000000002e-08,0,0.0,ALERT
2026-03-28T02:11:00+01:00,2.1579,2.194,0.4259,1.29e-06,2.1335,1268.0,2.0,114.0,134.0,480.0,294.0,246.0,51.48,119.74,102.44,146.96,397.42,1e-08,7e-08,2.1e-07,1.8e-07,8.2e-07,-44.0,0.0,0,0.0,ALERT
2026-03-28T02:16:00+01:00,2.5093,2.575,0.4455,1.38e-06,2.1092,1302.0,2.0,108.0,120.0,494.0,309.0,271.0,53.0,123.73,100.29,150.24,404.33,1e-08,6e-08,2.1e-07,1.9e-07,9.1e-07,34.0,8.999999999999999e-08,0,0.0,ALERT
2026-03-28T02:21:00+01:00,2.5098,2.4754,0.4537,1.27e-06,2.128,1230.0,2.0,102.0,122.0,448.0,302.0,256.0,50.53,124.42,101.08,150.02,382.13,1e-08,6e-08,1.9e-07,1.9e-07,8.2e-07,-72.0,-1.1e-07,0,0.0,ALERT
2026-03-28T02:26:00+01:00,2.0992,2.2786,0.4279,1.37e-06,2.1325,1339.0,2.0,121.0,140.0,505.0,319.0,254.0,52.32,117.6,102.45,150.78,408.63,1e-08,7e-08,2.2e-07,2e-07,8.7e-07,109.0,1.000000000000001e-07,0,0.0,ALERT
2026-03-28T02:31:00+01:00,3.0449,2.7699,0.4736,1.37e-06,2.1029,1233.0,2.0,89.0,113.0,447.0,313.0,271.0,48.76,117.32,101.84,150.79,401.16,1e-08,6e-08,1.9e-07,2e-07,9.1e-07,-106.0,0.0,0,0.0,ALERT
2026-03-28T02:36:00+01:00,2.4,2.5496,0.4466,1.45e-06,2.1186,1366.0,2.0,115.0,131.0,510.0,334.0,276.0,47.07,121.61,101.29,154.2,402.01,1e-08,7e-08,2.2e-07,2.2e-07,9.3e-07,133.0,8.000000000000008e-08,0,0.0,ALERT
2026-03-28T02:41:00+01:00,2.8144,2.7632,0.4708,1.39e-06,2.1129,1249.0,2.0,97.0,114.0,450.0,315.0,273.0,53.24,117.61,102.09,150.1,407.2,1e-08,6e-08,1.9e-07,2e-07,9.3e-07,-117.0,-6.000000000000006e-08,0,0.0,ALERT
2026-03-28T02:46:00+01:00,3.0108,2.9912,0.4747,1.43e-06,2.0907,1302.0,2.0,93.0,113.0,478.0,338.0,280.0,51.8,120.45,99.91,150.12,407.08,1e-08,6e-08,2e-07,2.1e-07,9.5e-07,53.0,4.000000000000004e-08,0,0.0,ALERT
2026-03-28T02:51:00+01:00,2.899,2.6774,0.474,1.45e-06,2.1177,1306.0,2.0,99.0,124.0,464.0,332.0,287.0,50.52,124.62,105.64,152.36,405.32,1e-08,6e-08,2e-07,2.1e-07,9.7e-07,4.0,2.000000000000002e-08,0,0.0,ALERT
2026-03-28T02:56:00+01:00,2.8667,2.7143,0.4676,1.51e-06,2.1091,1375.0,2.0,105.0,126.0,501.0,342.0,301.0,53.45,114.27,101.75,151.66,402.8,1e-08,6e-08,2.1e-07,2.2e-07,1.01e-06,69.0,5.999999999999985e-08,0,0.0,ALERT
2026-03-28T03:01:00+01:00,2.7207,2.6434,0.4656,1.52e-06,2.1203,1381.0,3.0,111.0,129.0,498.0,341.0,302.0,54.77,119.65,101.04,152.41,406.24,1e-08,6e-08,2.1e-07,2.2e-07,1.02e-06,6.0,1.0000000000000116e-08,0,0.0,ALERT
2026-03-28T03:06:00+01:00,3.2211,3.4854,0.4996,1.54e-06,2.0852,1331.0,3.0,95.0,103.0,468.0,359.0,306.0,49.99,113.46,101.65,152.04,411.16,1e-08,5e-08,2e-07,2.3e-07,1.05e-06,-50.0,2.000000000000002e-08,0,0.0,ALERT
2026-03-28T03:11:00+01:00,3.3407,2.9915,0.4859,1.55e-06,2.0898,1346.0,3.0,91.0,117.0,484.0,350.0,304.0,53.04,124.58,100.7,153.04,417.89,1e-08,6e-08,2e-07,2.2e-07,1.06e-06,15.0,9.999999999999904e-09,0,0.0,ALERT
2026-03-28T03:16:00+01:00,3.13,2.9268,0.479,1.57e-06,2.0956,1405.0,3.0,100.0,123.0,509.0,360.0,313.0,50.89,121.79,102.47,152.59,400.26,1e-08,6e-08,2.2e-07,2.3e-07,1.05e-06,59.0,2.000000000000002e-08,0,0.0,ALERT
2026-03-28T03:21:00+01:00,3.3667,3.0526,0.4917,1.52e-06,2.0922,1324.0,3.0,90.0,114.0,469.0,348.0,303.0,52.71,122.31,100.8,149.59,405.43,1e-08,6e-08,2e-07,2.2e-07,1.03e-06,-81.0,-4.9999999999999945e-08,0,0.0,ALERT
2026-03-28T03:26:00+01:00,3.4778,3.4804,0.5019,1.55e-06,2.0767,1331.0,3.0,90.0,102.0,471.0,355.0,313.0,51.04,120.52,102.91,152.36,407.48,1e-08,5e-08,2e-07,2.3e-07,1.06e-06,7.0,2.9999999999999925e-08,0,0.0,ALERT
2026-03-28T03:31:00+01:00,4.1294,4.0202,0.5388,1.69e-06,2.0636,1390.0,3.0,85.0,99.0,457.0,398.0,351.0,53.46,117.5,100.51,148.4,405.24,1e-08,5e-08,1.9e-07,2.5e-07,1.19e-06,59.0,1.3999999999999993e-07,0,0.0,ALERT
2026-03-28T03:36:00+01:00,4.1867,4.2619,0.5226,1.55e-06,2.0368,1286.0,3.0,75.0,84.0,455.0,358.0,314.0,50.48,116.01,102.13,152.82,411.29,1e-08,4e-08,1.9e-07,2.3e-07,1.08e-06,-104.0,-1.3999999999999993e-07,0,0.0,ALERT
2026-03-28T03:41:00+01:00,4.3425,4.241,0.5339,1.52e-06,2.0439,1253.0,3.0,73.0,83.0,428.0,352.0,317.0,48.15,131.82,103.17,151.97,401.92,1e-08,5e-08,1.8e-07,2.2e-07,1.06e-06,-33.0,-2.9999999999999925e-08,0,0.0,ALERT
2026-03-28T03:46:00+01:00,4.6933,4.5698,0.547,1.64e-06,2.0324,1362.0,3.0,75.0,86.0,456.0,393.0,352.0,52.85,121.29,101.73,148.12,394.2,1e-08,4e-08,1.9e-07,2.4e-07,1.16e-06,109.0,1.199999999999999e-07,0,0.0,ALERT
2026-03-28T03:51:00+01:00,4.3333,4.044,0.5265,1.64e-06,2.0451,1341.0,3.0,78.0,91.0,466.0,368.0,338.0,50.6,126.99,103.06,155.6,402.82,1e-08,5e-08,2e-07,2.4e-07,1.14e-06,-21.0,0.0,0,0.0,ALERT
2026-03-28T03:56:00+01:00,3.7303,3.85,0.5114,1.65e-06,2.0587,1402.0,3.0,89.0,100.0,496.0,385.0,332.0,50.33,122.46,100.71,155.29,408.12,1e-08,5e-08,2.1e-07,2.5e-07,1.13e-06,61.0,1.0000000000000116e-08,0,0.0,ALERT
2026-03-28T04:01:00+01:00,5.1143,4.6265,0.5554,1.71e-06,2.0259,1336.0,4.0,70.0,83.0,441.0,384.0,358.0,52.7,126.78,102.09,152.79,410.14,1e-08,4e-08,1.9e-07,2.4e-07,1.23e-06,-66.0,5.999999999999985e-08,0,0.0,ALERT
2026-03-28T04:06:00+01:00,5.125,4.6092,0.5524,1.74e-06,2.0236,1394.0,4.0,72.0,87.0,465.0,401.0,369.0,49.57,125.9,103.21,152.6,397.36,1e-08,5e-08,2e-07,2.6e-07,1.22e-06,58.0,3.0000000000000136e-08,0,0.0,ALERT
2026-03-28T04:11:00+01:00,3.7041,3.7182,0.5102,1.76e-06,2.0652,1513.0,4.0,98.0,110.0,533.0,409.0,363.0,49.32,124.85,102.07,148.0,397.78,1e-08,6e-08,2.3e-07,2.5e-07,1.21e-06,119.0,2.000000000000002e-08,0,0.0,ALERT
2026-03-28T04:16:00+01:00,5.5385,4.8734,0.5564,1.68e-06,2.008,1339.0,4.0,65.0,79.0,450.0,385.0,360.0,50.13,121.53,101.07,149.75,400.7,1e-08,4e-08,1.9e-07,2.4e-07,1.2e-06,-174.0,-8.000000000000008e-08,0,0.0,ALERT
2026-03-28T04:21:00+01:00,5.7612,5.359,0.5722,1.79e-06,2.0002,1405.0,4.0,67.0,78.0,456.0,418.0,386.0,52.61,120.31,101.79,151.05,399.62,1e-08,4e-08,1.9e-07,2.6e-07,1.29e-06,66.0,1.1e-07,0,0.0,ALERT
2026-03-28T04:26:00+01:00,5.7538,5.1899,0.5661,1.78e-06,2.0005,1385.0,4.0,65.0,79.0,457.0,410.0,374.0,51.92,109.27,103.57,151.5,405.51,1e-08,4e-08,2e-07,2.6e-07,1.27e-06,-20.0,-1.0000000000000116e-08,0,0.0,ALERT
2026-03-28T04:31:00+01:00,6.0308,5.5526,0.5769,1.81e-06,1.9924,1411.0,4.0,65.0,76.0,456.0,422.0,392.0,52.8,116.97,99.24,154.93,397.1,1e-08,4e-08,1.9e-07,2.7e-07,1.3e-06,26.0,3.0000000000000136e-08,0,0.0,ALERT
2026-03-28T04:36:00+01:00,5.6923,5.4324,0.5586,1.73e-06,1.99,1382.0,4.0,65.0,74.0,471.0,402.0,370.0,51.77,119.06,100.19,154.82,395.67,1e-08,4e-08,2e-07,2.6e-07,1.22e-06,-29.0,-8.000000000000008e-08,0,0.0,ALERT
2026-03-28T04:41:00+01:00,5.8154,5.5753,0.5595,1.76e-06,1.9843,1403.0,4.0,65.0,73.0,480.0,407.0,378.0,48.5,126.36,99.82,153.41,395.11,1e-08,4e-08,2e-07,2.6e-07,1.25e-06,21.0,3.0000000000000136e-08,0,0.0,ALERT
2026-03-28T04:46:00+01:00,6.4915,6.2239,0.5785,1.78e-06,1.9681,1383.0,4.0,59.0,67.0,457.0,417.0,383.0,49.32,110.13,99.68,148.55,404.17,1e-08,3e-08,1.9e-07,2.6e-07,1.29e-06,-20.0,1.999999999999981e-08,0,0.0,ALERT
2026-03-28T04:51:00+01:00,7.0185,5.9851,0.5843,1.76e-06,1.9677,1335.0,4.0,54.0,67.0,434.0,401.0,379.0,47.77,126.68,102.36,153.61,398.53,1e-08,4e-08,1.9e-07,2.6e-07,1.26e-06,-48.0,-1.999999999999981e-08,0,0.0,ALERT
2026-03-28T04:56:00+01:00,5.9254,5.1786,0.5691,1.89e-06,1.9991,1462.0,4.0,67.0,84.0,479.0,435.0,397.0,52.68,117.08,103.27,151.56,406.75,1e-08,4e-08,2.1e-07,2.8e-07,1.35e-06,127.0,1.2999999999999981e-07,0,0.0,ALERT
2026-03-28T05:01:00+01:00,3.3413,3.1921,0.4956,2.01e-06,2.0904,1822.0,5.0,126.0,151.0,642.0,482.0,421.0,53.19,122.22,99.72,151.14,384.66,1e-08,8e-08,2.7e-07,3e-07,1.35e-06,360.0,1.199999999999999e-07,0,0.0,ALERT
2026-03-28T05:06:00+01:00,4.0096,3.6977,0.5114,2.01e-06,2.0547,1748.0,5.0,104.0,129.0,621.0,477.0,417.0,52.81,121.68,101.62,152.73,393.71,1e-08,7e-08,2.6e-07,3e-07,1.37e-06,-74.0,0.0,0,0.0,ALERT
2026-03-28T05:11:00+01:00,3.8426,3.6434,0.5157,2.02e-06,2.0686,1716.0,5.0,108.0,129.0,594.0,470.0,415.0,49.99,120.84,100.79,151.13,400.21,1e-08,7e-08,2.5e-07,3e-07,1.39e-06,-32.0,1.0000000000000328e-08,0,0.0,ALERT
2026-03-28T05:16:00+01:00,3.9823,4.1083,0.5219,2.18e-06,2.0507,1807.0,5.0,113.0,120.0,631.0,493.0,450.0,51.08,119.02,103.14,155.31,404.45,1e-08,6e-08,2.7e-07,3.2e-07,1.52e-06,91.0,1.5999999999999974e-07,0,0.0,ALERT
2026-03-28T05:21:00+01:00,4.4242,4.1724,0.5348,2.08e-06,2.0447,1724.0,5.0,99.0,116.0,587.0,484.0,438.0,52.25,116.89,102.89,150.96,395.12,1e-08,6e-08,2.5e-07,3.1e-07,1.45e-06,-83.0,-9.999999999999989e-08,0,0.0,ALERT
2026-03-28T05:26:00+01:00,4.43,4.3243,0.5462,2.08e-06,2.0491,1690.0,5.0,100.0,111.0,556.0,480.0,443.0,51.25,113.91,103.22,152.16,398.92,1e-08,5e-08,2.4e-07,3e-07,1.48e-06,-34.0,0.0,0,0.0,ALERT
2026-03-28T05:31:00+01:00,5.1011,4.5888,0.5513,2.14e-06,2.0242,1714.0,5.0,89.0,107.0,573.0,491.0,454.0,51.24,127.28,102.23,153.49,400.96,1e-08,6e-08,2.4e-07,3.1e-07,1.52e-06,24.0,5.999999999999985e-08,0,0.0,ALERT
2026-03-28T05:36:00+01:00,6.027,5.9024,0.5816,2.08e-06,1.9868,1599.0,5.0,74.0,82.0,513.0,484.0,446.0,51.74,129.65,101.44,151.42,401.46,1e-08,4e-08,2.2e-07,3.1e-07,1.5e-06,-115.0,-5.999999999999985e-08,0,0.0,ALERT
2026-03-28T05:41:00+01:00,5.5488,5.1875,0.5593,2.11e-06,2.0005,1704.0,5.0,82.0,96.0,573.0,498.0,455.0,54.17,122.31,102.08,152.03,393.13,1e-08,5e-08,2.4e-07,3.2e-07,1.49e-06,105.0,3.0000000000000136e-08,0,0.0,ALERT
2026-03-28T05:46:00+01:00,5.7901,5.5109,0.5711,2.19e-06,1.9949,1709.0,5.0,81.0,92.0,560.0,507.0,469.0,50.32,119.26,100.27,149.7,404.7,1e-08,5e-08,2.3e-07,3.2e-07,1.58e-06,5.0,8.000000000000008e-08,0,0.0,ALERT
2026-03-28T05:51:00+01:00,7.1406,6.3462,0.5887,2.12e-06,1.9601,1617.0,5.0,64.0,78.0,523.0,495.0,457.0,52.38,119.73,102.17,152.93,400.14,1e-08,4e-08,2.2e-07,3.2e-07,1.53e-06,-92.0,-7.000000000000018e-08,0,0.0,ALERT
2026-03-28T05:56:00+01:00,6.7101,6.1235,0.5858,2.14e-06,1.9709,1637.0,5.0,69.0,81.0,528.0,496.0,463.0,53.3,125.42,102.59,150.78,401.36,1e-08,4e-08,2.3e-07,3.1e-07,1.55e-06,20.0,1.999999999999981e-08,0,0.0,ALERT
2026-03-28T06:01:00+01:00,8.2712,7.5588,0.6212,2.18e-06,1.9359,1613.0,6.0,59.0,68.0,484.0,514.0,488.0,50.11,110.21,100.64,150.72,398.07,1e-08,3e-08,2e-07,3.2e-07,1.62e-06,-24.0,4.000000000000004e-08,0,0.0,ALERT
2026-03-28T06:06:00+01:00,9.32,8.9464,0.6271,2.11e-06,1.9051,1542.0,6.0,50.0,56.0,469.0,501.0,466.0,50.24,122.49,102.53,152.45,399.39,1e-08,3e-08,2e-07,3.2e-07,1.55e-06,-71.0,-6.999999999999975e-08,0,0.0,ALERT
